institutionCode,catalogNumber,otherIdentifier,otherNumber,month,year,binomial,Freshly_killed,massing,totalLength,tailLength,headbodyLength,sex,ageClass,reproductivelyActive,Liver_mass,Cecum_full_mass,Cecum_length,Cecum_curved_length,Cecum_empty_mass,Cecum_dry_mass,Stomach_full_mass,Stomach_length,Stomach_curved_length,Stomach_empty_mass,Stomach_dry_mass,LI_full_mass,LI_length,LI_empty_mass,LI_dry_mass,SI_full_mass,SI_length,SI_empty_mass,SI_dry_mass,Intestine_full_mass (shrew/mole only),Intestine_length (shrew/mole only),Intestine_empty_mass (shrew/mole only),Intestine_dry_mass (shrew/mole only),Total_GI_length ,Total_GI_length_scaled
UNCG,143,,,,2020,Tamias striatus,Unknown,55,193,68,125,Female,adult,No,,1.6678,56,66,0.181,0.0299,6.2286,37,69,0.3418,0.048,0.7512,171,0.2024,0.024,2.5768,750,0.617,0.1127,,,,,1056,8.448
UNCG,148,,,December,2021,Peromyscus maniculatus ,No ,15,[136],[58],78,Female,adult,No,0.4408,0.5687,42,,0.0562,0.0241,0.2546,35,,0.1734,0.0516,0.1233,80,,0.0162,0.7092,530,0.361,0.0678,,,,,,
UNCG,149,,,December,2021,Peromyscus maniculatus ,No ,15.75,168,91,77,Male,adult,No,0.2823,0.1525,,,0.0987,0.0163,0.2959,25,,0.2265,0.0421,0.0692,48,0.0297,0.004,0.9879,319,0.3459,0.0714,,,,,,
UNCG,150,,,December,2021,Peromyscus maniculatus ,No ,12.25,154,83,71,Female,adult,No,0.3676,0.2426,49,,0.0879,0.0114,0.2277,23,,0.1804,,0.1901,109,0.0819,0.0108,0.5543,442,0.0992,0.0193,,,,,,
UNCG,151,,,December,2021,Peromyscus maniculatus ,No ,16.25,178,98,80,Male,adult,No,0.3974,0.3439,36,,0.137,0.0166,0.2144,26,,0.1994,0.0459,0.2121,125,0.1602,0.0201,0.9966,359,0.1927,0.021,,,,,,
UNCG,152,,,December,2021,Peromyscus maniculatus ,No ,15.25,169,88,81,Female ,adult,No,0.4968,0.6149,40,,0.1486,0.0221,0.3506,29,,0.299,0.0711,0.2646,101,0.1691,0.022,1.122,349,0.4065,0.0775,,,,,,
UNCG,153,,,December,2021,Peromyscus maniculatus ,No ,18,179,95,84,Female,adult,No,0.5847,0.4599,42,,0.1134,0.0131,0.3421,31,,0.2705,0.0567,0.3131,146,0.2202,0.0297,0.7927,339,0.3826,0.0607,,,,,,
UNCG,154,,,December,2021,Peromyscus maniculatus ,No ,12,149,81,68,Female,adult,No,0.3054,0.4677,35,,0.0656,0.0081,0.2106,24,,0.1838,0.0332,0.2417,103,0.1257,0.007,0.4676,276,0.0822,0.0061,,,,,,
UNCG,155,,,January,2022,Peromyscus maniculatus ,No ,13.25,149,78,71,Male,adult,No,0.3222,0.4572,32,41,0.1025,0.0096,0.2338,26,35,0.2166,0.0424,0.2131,90,0.1604,0.0167,0.9197,294,0.4867,0.0418,,,,,460,6.478873239
UNCG,156,,,January,2022,Peromyscus maniculatus ,No ,14.25,153,77,76,Male,adult,No,0.5058,0.6346,31,44,0.1344,0.0135,0.3461,21,37,0.2495,0.0508,0.2196,103,0.1202,0.0157,0.8188,385,0.4661,0.0492,,,,,569,7.486842105
UNCG,157,,,January,2022,Peromyscus maniculatus ,No ,12.5,159,88,71,Female,adult,No,0.5851,0.3061,28,37,0.0848,0.0083,0.2004,25,29,0.1786,0.0336,0.1576,72,0.0893,0.0106,,,,,,,,,,
UNCG,158,,,January,2022,Peromyscus maniculatus ,No ,15.5,158,82,76,Male,adult,No,0.4682,0.4698,39,50,0.1673,0.0156,0.2777,25,33,0.2355,0.0536,0.1821,78,0.1633,0.0242,0.9621,302,0.3778,0.0477,,,,,463,6.092105263
UNCG,159,,,January,2022,Peromyscus maniculatus ,No ,16.25,157,84,73,Male,adult,No,0.5557,0.6542,40,48,0.133,0.0156,0.3579,20,30,0.2722,0.0558,0.2753,93,0.1719,0.0216,1.1841,393,0.4177,0.0543,,,,,564,7.726027397
UNCG,160,,,January,2022,Peromyscus maniculatus ,No ,16,163,92,71,Male,adult,No,0.5069,0.5802,36,44,0.1759,0.0223,0.4463,27,38,0.3226,0.0661,0.2477,72,0.1199,0.017,1.1046,333,0.1842,0.024,,,,,487,6.85915493
UNCG,161,,,January,2022,Peromyscus maniculatus ,No ,14,143,76,67,Female,adult,No,0.5377,0.7824,36,37,0.0935,0.0109,0.2376,23,33,0.1822,0.0392,0.2274,94,0.1138,0.0152,1.0698,321,0.1732,0.0256,,,,,485,7.23880597
UNCG,162,,,January,2022,Peromyscus maniculatus ,No ,13,143,72,71,Male,adult,No,0.3681,0.6028,35,40,0.1965,0.0268,0.2834,22,31,0.2009,0.0435,0.2467,77,0.1902,0.0194,0.7393,305,0.178,0.0207,,,,,453,6.38028169
UNCG,163,,,January,2022,Peromyscus maniculatus ,No ,15.25,153,77,76,Male,adult,No,0.5179,0.4728,43,43,0.1211,0.0111,0.4211,26,35,0.2756,0.0533,0.232,98,0.1099,0.0144,0.9408,359,0.2403,0.0286,,,,,535,7.039473684
UNCG,164,,,January,2022,Peromyscus maniculatus ,No ,13,149,79,70,Female,adult,No,0.4113,0.5283,31,39,0.1286,0.0114,0.2097,21,26,0.1875,0.0391,0.2391,95,0.1464,0.0234,0.9959,337,0.2275,0.0315,,,,,497,7.1
UNCG,165,,,January,2022,Sorex fumeus ,No ,5,102,47,55,Male,adult,No,0.248,,,,,,0.0671,12,17,0.0467,0.0076,,,,,,,,,0.5125,243,0.1212,0.0164,260,4.727272727
UNCG,166,,,January,2022,Peromyscus maniculatus ,No ,13,154,85,69,Female,adult,No,0.4084,0.6799,36,42,0.1209,0.0141,0.2409,25,27,0.2027,0.0411,0.2166,106,0.1087,0.0158,0.7861,313,0.1008,0.0118,,,,,488,7.072463768
UNCG,168,,,February,2022,Peromyscus maniculatus ,No ,14.25,157,86,71,Male,adult,No,0.3933,0.4926,34,43,0.0849,0.0095,0.3129,26,37,0.2553,0.0514,0.1622,82,0.1144,0.0163,0.7418,298,0.2841,0.0298,,,,,460,6.478873239
UNCG,169,,,February,2022,Peromyscus maniculatus ,No ,16.75,179,93,86,Male,adult,No,0.6268,0.7454,42,42,0.1034,0.0114,0.3266,28,32,0.2405,0.0448,0.2077,85,0.0746,0.0096,1.2267,334,0.1345,0.0208,,,,,493,5.73255814
UNCG,170,,,February,2022,Peromyscus maniculatus ,No ,15.75,169,85,84,Female,adult,No,0.5629,0.7292,32,42,0.1485,0.02,0.3015,23,33,0.2492,0.0514,0.3901,114,0.2038,0.0348,0.9342,347,0.3144,0.0487,,,,,536,6.380952381
UNCG,171,,,February,2022,Peromyscus maniculatus ,No ,15.75,161,81,80,Male,adult,No,0.5259,0.4135,32,37,0.1111,0.0145,0.3505,24,33,0.2474,0.0516,0.1998,79,0.0816,0.0161,0.8855,307,0.2096,0.0374,,,,,456,5.7
UNCG,172,,,February,2022,Peromyscus maniculatus ,No ,13.25,158,81,77,Male,adult,No,0.4078,0.6856,31,37,0.0673,0.0078,0.2898,24,29,0.1903,0.0358,0.1699,89,0.0714,0.0109,0.8093,322,0.2574,0.0488,,,,,477,6.194805195
UNCG,178,,,March,2022,Peromyscus maniculatus ,No ,16,149,77,72,Male,adult,No,0.6594,0.6145,33,41,0.1229,0.014,0.3461,23,33,0.2321,0.0486,0.2451,89,0.1138,0.0164,1.0215,359,0.3013,0.0459,,,,,522,7.25
UNCG,179,,,March,2022,Peromyscus maniculatus ,No ,16.5,180,101,79,Female,adult,No,0.5928,0.7753,32,40,0.1986,0.0248,0.3914,23,30,0.3085,0.0615,0.3003,80,0.1414,0.0207,1.1356,323,0.3517,0.0553,,,,,473,5.987341772
UNCG,180,,,March,2022,Peromyscus maniculatus ,No ,15,170,92,78,Female,adult,No,0.5231,0.3868,29,37,0.1372,0.0181,0.3423,25,32,0.2529,0.0491,0.1821,64,0.0944,0.0153,0.7791,297,0.2441,0.0399,,,,,430,5.512820513
UNCG,181,,,March,2022,Peromyscus maniculatus ,No ,14,152,81,71,Male,adult,No,0.4422,0.7044,29,38,0.117,0.0196,0.2926,19,31,0.181,0.0397,0.1951,62,0.0964,0.0153,0.8112,295,0.2348,0.0366,,,,,426,6
UNCG,182,,,March,2022,Peromyscus maniculatus ,No ,23.25,161,89,72,Female,adult,Yes,0.9931,0.6054,33,40,0.1331,0.0185,0.3348,26,32,0.243,0.0531,0.2037,87,0.0975,0.0176,1.2295,345,0.4582,0.0734,,,,,504,7
UNCG,183,,,March,2022,Peromyscus maniculatus ,No ,13,154,78,76,Female,adult,No,0.4093,0.4668,30,34,0.1287,0.0213,0.2723,22,30,0.2038,0.0407,0.2543,63,0.0971,0.0149,0.8642,259,0.2067,0.0345,,,,,386,5.078947368
UNCG,184,,,March,2022,Peromyscus maniculatus ,No ,18.25,165,88,77,Male,adult,Yes,0.606,0.5831,29,35,0.1409,0.0205,0.3536,25,34,0.2332,0.0492,0.2226,72,0.1045,0.0188,1.1296,276,0.1766,0.024,,,,,417,5.415584416
UNCG,185,,,March,2022,Peromyscus maniculatus ,No ,16.5,179,92,87,Female,adult,No,0.6678,0.9045,38,42,0.0985,0.0139,0.3526,25,33,0.2482,0.0531,0.1848,70,0.1089,0.0211,1.4752,370,0.2473,0.0442,,,,,515,5.91954023
UNCG,186,,,March,2022,Sorex cinereus,No ,3.75,102,44,58,Male,adult,No,0.1214,,,,,,0.0417,9,,0.0229,0.0039,,,,,,,,,0.285,68,0.1193,0.0116,,
UNCG,187,,,March,2022,Peromyscus leucopus ,No ,20.25,153,72,81,Female,adult,No,0.8313,0.7713,44,59,0.1762,0.0198,0.4939,28,35,0.3247,0.0572,0.3705,100,0.2204,0.0353,1.0834,334,0.2755,0.0509,,,,,528,6.518518519
UNCG,188,,,March,2022,Peromyscus leucopus ,No ,23.5,142,60,82,Male,adult,Yes,0.9468,0.8968,41,45,0.1487,0.0213,0.5651,28,36,0.3185,0.0669,0.3946,88,0.1354,0.024,1.0524,297,0.2912,0.0601,,,,,466,5.682926829
UNCG,189,,,April,2022,Blarina brevicauda,No ,12,104,23,81,Male,adult,No,0.7136,,,,,,0.2687,17,24,0.0664,0.0101,,,,,,,,,1.3111,335,0.2949,0.014,359,4.432098765
UNCG,190,,,April,2022,Peromyscus maniculatus ,No ,15.25,170,87,83,Female,adult,No,0.624,0.5666,31,39,0.1075,0.0132,0.3111,26,37,0.2634,0.0561,0.2387,97,0.1299,0.0245,1.1187,324,0.4241,0.0756,,,,,497,5.987951807
UNCG,191,,,April,2022,Peromyscus maniculatus ,No ,15.25,162,82,80,Female,adult,No,0.68,0.6893,30,40,0.1449,0.0216,0.286,24,35,0.2383,0.0474,0.2196,100,0.1079,0.0196,,271,0.2895,0.0444,,,,,446,5.575
UNCG,192,,,April,2022,Peromyscus maniculatus ,No ,16.75,168,83,85,Male,adult,Yes,0.5794,0.654,35,40,0.1084,0.0171,0.3582,25,31,0.2555,0.0527,0.1627,91,0.0929,0.0182,0.9286,243,0.3245,0.05,,,,,405,4.764705882
UNCG,193,,,April,2022,Peromyscus maniculatus ,No ,17.5,181,100,81,Male,adult,No,0.5601,0.7154,28,36,0.1395,0.0201,0.4126,25,32,0.2899,0.0637,0.1907,81,0.0978,0.0182,1.1175,337,0.3828,0.0655,,,,,486,6
UNCG,194,,,April,2022,Peromyscus maniculatus ,No ,19.25,186,91,95,Female,adult,No,1.0762,0.7453,41,46,0.143,0.0198,0.3998,26,33,0.3159,0.0696,0.2637,103,0.1064,0.019,1.4425,397,0.596,0.0971,,,,,579,6.094736842
UNCG,195,,,April,2022,Peromyscus maniculatus ,No ,16.5,169,87,82,Male,adult,No,0.5582,0.8156,37,42,0.1954,0.0263,0.4397,24,34,0.2744,0.0509,0.2414,108,0.1218,0.0206,1.0362,326,0.3847,0.0592,,,,,510,6.219512195
UNCG,196,,,April,2022,Peromyscus maniculatus ,No ,17.75,183,91,92,Female,adult,No,1.0067,0.7429,36,44,0.1698,0.0252,0.4062,26,31,0.3153,0.0659,0.2767,127,0.1496,0.0247,1.3729,403,0.4047,0.0625,,,,,605,6.576086957
UNCG,197,,,April,2022,Peromyscus maniculatus ,Yes,15.5,153,78,75,Male,adult,No,0.5526,1.0285,40,51,0.1391,0.0167,0.333,24,31,0.2196,0.0481,0.245,92,0.1097,0.0193,1.1094,318,0.3467,0.0603,,,,,492,6.56
UNCG,198,,,April,2022,Peromyscus maniculatus ,No ,18.5,175,89,86,Female,adult,Yes,0.6975,0.638,34,43,0.1492,0.0246,0.5392,28,37,0.4025,0.0805,0.2092,92,0.1245,0.0255,1.1849,368,0.3689,0.0562,,,,,540,6.279069767
UNCG,199,,,April,2022,Glaucomys volans ,Yes,63,222,92,130,Female,adult,No,1.9238,1.3111,54,57,0.4208,0.0675,0.7829,27,40,0.4793,0.0895,0.6041,175,0.3151,0.0521,3.2008,610,1.0885,0.1876,,,,,882,6.784615385
UNCG,200,,,May,2022,Mus musculus ,Yes,19.5,164,83,81,Male,adult,Yes,1.1325,0.1556,26,28,0.033,0.0069,0.2085,18,25,0.0763,0.0198,0.1447,64,0.0512,0.0097,0.8137,311,0.2706,0.0671,,,,,428,5.283950617
UNCG,202,,,May,2022,Peromyscus maniculatus ,Yes,20,187,94,93,Female,adult,Yes,,0.4291,29,32,0.1592,0.0304,0.3185,23,30,0.3159,0.0674,0.2812,95,0.1578,0.0289,0.9353,303,0.4515,0.088,,,,,460,4.946236559
UNCG,203,,,May,2022,Peromyscus maniculatus ,Yes,17,185,93,92,Male,adult,Yes,,0.4081,29,30,0.1036,0.018,0.3105,26,30,0.2954,0.061,0.1936,83,0.1125,0.0218,1.1123,260,0.5898,0.1238,,,,,403,4.380434783
UNCG,204,,,May,2022,Peromyscus maniculatus ,Yes,16,189,97,92,Female,adult,No,,0.4707,32,38,0.1233,0.0209,0.3112,23,27,0.2803,0.0569,0.2984,99,0.1008,0.0174,0.862,263,0.3599,0.0728,,,,,427,4.641304348
UNCG,205,,,May,2022,Peromyscus maniculatus ,Yes,18,187,95,92,Female,adult,Yes,,0.6026,38,38,0.1391,0.0251,0.3894,24,25,0.2985,0.0629,0.2239,104,0.1385,0.0265,1.0587,317,0.4755,0.0949,,,,,484,5.260869565
UNCG,206,,,May,2022,Peromyscus maniculatus ,Yes,14,173,88,85,Male,adult,Yes,,0.221,23,24,0.07,0.0099,0.1994,28,28,0.1758,0.0335,0.1207,56,0.0637,0.0116,0.5968,271,0.155,0.0261,,,,,379,4.458823529
UNCG,207,,,May,2022,Ochrotomys nuttali ,Yes,15,165,81,84,Female,adult,No,,0.8319,45,48,0.1391,0.0228,0.2933,22,27,0.2457,0.0455,0.3076,102,0.0771,0.0143,0.8279,244,0.3649,0.0659,,,,,421,5.011904762
UNCG,208,,,May,2022,Synaptomys cooperi ,No ,31,128,18,110,Male,adult,No,,0.5579,72,84,0.1808,0.0287,0.3872,24,30,0.2373,0.0464,0.7088,335,0.4437,0.0773,1.2143,411,0.6396,0.127,,,,,850,7.727272727
UNCG,212,,,May,2022,Peromyscus leucopus ,Yes,20.75,173,78,95,Female,adult,Yes,,0.5922,29,37,0.1817,0.0296,0.5332,23,36,0.523,0.1039,0.3728,105,0.1052,0.0294,1.212,330,0.3529,0.0695,,,,,508,5.347368421
UNCG,213,,,May,2022,Peromyscus leucopus ,Yes,21.5,177,75,102,Male,adult,Yes,,0.4726,37,39,0.143,0.0229,0.5108,24,39,0.4243,0.083,0.2507,94,0.1487,0.0272,1.0019,235,0.4019,0.0771,,,,,407,3.990196078
UNCG,214,,,May,2022,Sorex cinereus,Unknown,4,105,43,62,Male,adult,No,,,,,,,0.0618,10,14,0.0371,0.0051,,,,,,,,,0.3442,202,0.0923,0.0118,216,3.483870968
UNCG,215,,,May,2022,Sorex cinereus,Unknown,3.5,91,38,53,Male,adult,No,,,,,,,0.0524,14,16,0.0289,0.0039,,,,,,,,,0.2496,116,0.1025,0.0161,132,2.490566038
UNCG,216,,,May,2022,Sorex cinereus,Unknown,5,120,48,72,Female,adult,No,,,,,,,0.1179,18,21,0.1002,0.0179,,,,,,,,,0.7022,221,0.2219,0.0326,242,3.361111111
UNCG,217,,,May,2022,Blarina brevicauda,Unknown,17,113,27,86,Female,adult,Yes,,,,,,,0.2401,17,20,0.1068,0.0228,,,,,,,,,2.4741,391,0.5607,0.1142,411,4.779069767
UNCG,218,,,May,2022,Sorex cinereus,Unknown,5,106,38,68,Female,adult,No,,,,,,,0.0546,14,15,0.0401,0.0079,,,,,,,,,0.6143,232,0.2212,0.0327,247,3.632352941
UNCG,219,,,May,2022,Blarina brevicauda,Unknown,10,105,25,80,Female,adult,No,,,,,,,0.1504,20,22,0.0746,0.0415,,,,,,,,,0.9568,260,0.3277,0.0573,282,3.525
UNCG,220,,,May,2022,Blarina brevicauda,Unknown,18.5,124,23,101,Male,adult,No,,,,,,,0.3862,12,21,0.1043,0.0225,,,,,,,,,1.7526,343,0.5089,0.1082,364,3.603960396
UNCG,226,,,May,2022,Peromyscus leucopus ,Unknown,21,169,72,97,Female,adult,Yes,,0.72,30,32,0.2081,0.0369,0.4448,24,29,0.4144,0.0854,0.3555,111,0.1649,0.031,1.8893,321,0.5463,0.1162,,,,,493,5.082474227
UNCG,227,,,May,2022,Peromyscus leucopus ,Yes,12.5,149,65,84,Male,adult,No,,0.4885,36,41,0.1345,0.0211,0.3182,21,25,0.2498,0.0486,0.1211,61,0.0461,0.0078,0.6794,227,0.193,0.0322,,,,,354,4.214285714
UNCG,228,,,May,2022,Peromyscus maniculatus ,Yes,15.25,177,88,89,Male,adult,Yes,,0.9581,32,45,0.1032,0.0158,0.3991,24,27,0.2725,0.0649,0.2568,80,0.1058,0.0202,1.0483,221,0.596,0.1332,,,,,373,4.191011236
UNCG,229,,,May,2022,Microtus pennsylvanicus ,Unknown,13.25,106,28,78,Male,adult,No,,1.2687,73,70,0.2159,0.0341,0.3102,18,27,0.2271,0.045,0.4633,172,0.1852,0.0362,0.8242,219,0.2775,0.0499,,,,,488,6.256410256
UNCG,230,,,May,2022,Sorex cinereus,Unknown,3.5,93,38,55,Male,adult,No,,,,,,,0.0444,8,12,0.0332,0.0048,,,,,,,,,0.3026,158,0.1152,0.0168,170,3.090909091
UNCG,231,,,May,2022,Sorex cinereus,Unknown,3.5,98,42,56,Female,adult,No,,,,,,,0.0677,14,16,0.0559,0.0116,,,,,,,,,0.362,162,0.1264,0.0152,178,3.178571429
UNCG,232,,,May,2022,Blarina brevicauda,Unknown,11,118,28,90,Male,adult,No,,,,,,,0.1291,15,19,0.0669,0.1014,,,,,,,,,1.2367,229,0.3105,0.0365,248,2.755555556
UNCG,233,,,May,2022,Microtus pennsylvanicus ,Yes,25,137,41,96,Female,adult,No,,2.6585,95,112,0.4017,0.0606,0.5148,23,29,0.3128,0.0701,0.5143,208,0.3589,0.0669,1.2576,297,0.7155,0.1528,,,,,646,6.729166667
UNCG,234,,,May,2022,Sorex cinereus,Unknown,3,87,37,50,Male,adult,No,,,,,,,0.0425,12,14,0.0351,0.0053,,,,,,,,,0.1934,126,0.0989,0.0133,140,2.8
UNCG,235,,,May,2022,Myodes gapperi,Yes,[27],160,53,107,Male,adult,Yes,,2.2167,79,88,0.5538,0.1029,0.4404,29,31,0.3789,0.0835,0.3761,213,0.3108,0.0648,1.3245,426,0.5325,0.1075,,,,,758,7.08411215
UNCG,236,,,May,2022,Sorex cinereus,No ,3,99,42,57,Male,adult,No,,,,,,,0.0541,13,15,0.0207,0.0032,,,,,,,,,0.2472,180,0.0892,0.0128,195,3.421052632
UNCG,237,,,May,2022,Myodes gapperi,No ,32.5,145,44,101,Female,adult,Yes,,2.4356,99,106,0.4036,0.0548,0.5576,26,35,0.2971,0.0553,0.6911,212,0.2969,0.0491,1.7103,,0.7418,0.098,,,,,,
UNCG,238,,,May,2022,Sorex cinereus,No ,3.25,97,42,55,Male,adult,No,,,,,,,0.0364,9,10,0.0244,0.0034,,,,,,,,,0.2938,207,0.0971,0.0131,217,3.945454545
UNCG,239,,,May,2022,Sorex cinereus,No ,3.5,103,46,57,Female,adult,No,,,,,,,0.0417,15,15,0.0201,0.0036,,,,,,,,,0.5044,246,0.1463,0.0239,261,4.578947368
UNCG,240,,,May,2022,Sorex fumeus ,No ,6.5,117,49,68,Male,adult,No,,,,,,,0.0782,15,16,0.0459,0.006,,,,,,,,,0.7987,250,0.2685,0.0405,266,3.911764706
UNCG,241,,,May,2022,Blarina brevicauda,No ,16.5,120,24,96,Female,adult,Yes,,,,,,,0.2404,18,21,0.1312,0.0248,,,,,,,,,1.6636,473,0.4981,0.0742,494,5.145833333
UNCG,243,,,May,2022,Sorex cinereus,No ,4.5,100,41,59,Male,adult,No,,,,,,,0.0699,20,21,0.0256,0.0029,,,,,,,,,0.517,219,0.1385,0.0188,240,4.06779661
UNCG,244,,,May,2022,Sorex cinereus,No ,5,99,43,56,Male,adult,No,,,,,,,0.1791,14,20,0.0296,0.0052,,,,,,,,,0.507,250,0.16,0.0218,270,4.821428571
UNCG,245,,,May,2022,Sorex cinereus,No ,4.25,98,39,59,Male,adult,No,,,,,,,0.0457,11,14,0.027,0.0048,,,,,,,,,0.3909,193,0.156,0.019,207,3.508474576
UNCG,246,,,May,2022,Sorex cinereus,No ,3.25,93,33,60,Male,adult,No,,,,,,,0.0687,9,12,0.0327,0.0065,,,,,,,,,0.3775,158,0.1518,0.0256,170,2.833333333
UNCG,248,,,May,2022,Sorex cinereus,No ,3,98,42,56,Male,adult,No,,,,,,,0.0461,9,12,0.0309,0.0053,,,,,,,,,0.3011,149,0.152,0.0214,161,2.875
UNCG,250,,,May,2022,Sorex fumeus ,No ,6.5,120,49,71,Male,adult,No,,,,,,,0.1534,20,23,0.0966,0.0168,,,,,,,,,0.7662,196,0.2152,0.0345,219,3.084507042
UNCG,252,,,June,2022,Rattus norvegicus,No ,230,[365],181,[184],Female,adult,No,14.4791,2.6555,54,70,0.5946,0.0955,3.7618,50,68,1.4934,0.3223,1.6637,146,0.7091,0.1403,14.0979,1462,5.1524,1.1057,,,,,1746,9.489130435
UNCG,253,,,June,2022,Peromyscus maniculatus ,Yes,17.25,171,97,74,Female,adult,Yes,0.7629,0.6652,29,32,0.1382,0.0203,0.4557,27,30,0.3536,0.073,0.3665,112,0.1496,0.0245,1.2546,304,0.3928,0.0741,,,,,478,6.459459459
UNCG,254,,,June,2022,Peromyscus maniculatus ,Yes,15,[132],[59],73,Male,adult,No,0.5334,0.5366,28,35,0.106,0.0169,0.2916,26,32,0.2532,0.0489,0.131,64,0.0802,0.0145,0.88,286,0.3263,0.0558,,,,,417,5.712328767
UNCG,255,,,June,2022,Peromyscus maniculatus ,Yes,15.5,176,99,77,Male,adult,No,0.5712,0.465,31,34,0.0812,0.0129,0.3277,28,30,0.2634,0.0534,0.1184,80,0.0673,0.0128,0.9216,357,0.3649,0.0743,,,,,501,6.506493506
UNCG,256,,,June,2022,Peromyscus maniculatus ,Yes,17.25,[168],[74],94,Female,adult,No,0.8307,0.4411,38,38,0.1052,0.0181,0.3644,26,38,0.301,0.0605,0.1932,100,0.0787,0.014,0.9337,337,0.3371,0.0671,,,,,513,5.457446809
UNCG,257,,,June,2022,Peromyscus maniculatus ,Yes,17,179,92,87,Male,adult,No,0.5343,0.577,32,38,0.0808,0.0136,0.2681,23,30,0.2576,0.0504,0.1744,101,0.0811,0.0143,0.8887,306,0.3099,0.059,,,,,475,5.459770115
UNCG,258,,,June,2022,Sorex fumeus ,No ,5.75,116,48,68,Female,adult,No,0.2614,,,,,,0.0683,14,15,0.0447,0.0076,,,,,,,,,0.6168,191,0.243,0.0432,206,3.029411765
UNCG,259,,,June,2022,Peromyscus maniculatus ,Yes,20.5,165,84,81,Female,adult,Yes,0.7088,0.2764,34,36,0.0687,0.0116,0.3183,24,31,0.2756,0.0571,0.2149,97,0.0774,0.0131,0.6958,307,0.2287,0.0411,,,,,471,5.814814815
UNCG,260,,,June,2022,Peromyscus maniculatus ,Yes,15.5,175,102,73,Male,adult,Yes,0.6123,0.3626,41,42,0.1276,0.0193,0.2917,25,28,0.2747,0.0532,0.1905,89,0.0719,0.0125,0.9051,260,0.2549,0.0481,,,,,419,5.739726027
UNCG,261,,,June,2022,Myodes gapperi,No ,19.5,134,38,96,Female,adult,No,1.1414,1.9563,110,110,0.3484,0.0171,0.4383,27,36,0.2459,0.0515,0.6722,210,0.2248,0.0401,1.4209,517,0.5229,0.0938,,,,,873,9.09375
UNCG,288,,,July,2022,Peromyscus maniculatus ,Yes,17.25,199,97,102,Female,adult,No,,0.6622,37,44,0.1341,0.0211,0.4955,24,36,0.418,0.089,0.2575,95,0.1612,0.0294,1.1683,362,0.4048,0.0827,,,,,537,5.264705882
UNCG,289,,,July,2022,Peromyscus maniculatus ,Yes,14,197,77,120,Female,adult,No,,0.476,32,33,0.0885,0.0135,0.2899,24,29,0.253,0.0561,0.1649,57,0.0474,0.0089,0.8553,239,0.3441,0.0746,,,,,358,2.983333333
UNCG,290,,,July,2022,Peromyscus maniculatus ,Yes,18,205,112,93,Female,adult,No,,0.6791,39,41,0.1561,0.0222,0.5052,32,35,0.3466,0.0768,0.3284,110,0.1417,0.0245,1.356,323,0.5294,0.1002,,,,,509,5.47311828
UNCG,291,,,July,2022,Peromyscus maniculatus ,Yes,18,192,101,91,Female,adult,No,,0.5441,38,44,0.1284,0.0211,0.4845,27,36,0.3437,0.0787,,,,,1.684,439,0.6214,0.1164,,,,,,
UNCG,292,,,July,2022,Napaeozapus insignis,Yes,19,232,138,94,Male,adult,Yes,,0.1495,43,44,0.0265,0.0048,0.2949,16,21,0.1493,0.0317,0.2681,101,0.1026,0.0178,0.9227,288,0.3033,0.0604,,,,,454,4.829787234
UNCG,293,,,July,2022,Peromyscus maniculatus ,Yes,15.5,171,89,82,Female,adult,No,,0.5554,40,45,0.1166,0.0168,0.4191,30,30,0.3688,0.0762,0.2321,93,0.1166,0.0198,0.3753,363,1.0793,0.0676,,,,,531,6.475609756
UNCG,294,,,July,2022,Peromyscus maniculatus ,Yes,16.25,192,102,90,Female,adult,No,,0.454,33,34,0.1745,0.035,0.3372,24,32,0.3079,0.0669,0.141,64,0.0617,0.0117,0.8425,299,0.329,0.07,,,,,429,4.766666667
UNCG,295,,,July,2022,Peromyscus maniculatus ,Yes,21,172,78,94,Male,adult,Yes,,0.8604,40,47,0.196,0.0389,0.4022,28,32,0.3771,0.0761,0.3074,108,0.1623,0.0289,1.6255,354,0.5094,0.0926,,,,,541,5.755319149
UNCG,297,,,July,2022,Peromyscus maniculatus ,Yes,15.25,175,91,84,Male,adult,Yes,,0.2857,23,27,0.0863,0.0136,0.43,27,28,0.2342,0.0547,0.1589,100,0.0938,0.0187,1.0461,286,0.3868,0.0754,,,,,441,5.25
UNCG,298,,,July,2022,Microtus pennsylvanicus ,Yes,35,163,46,117,Male,adult,Yes,,3.2957,117,123,0.3697,0.0523,0.4797,29,35,0.4111,0.089,0.4929,227,0.3116,0.0613,1.4107,307,0.4754,0.0786,,,,,692,5.914529915
UNCG,299,,,July,2022,Peromyscus maniculatus ,Yes,18,183,85,98,Female,adult,No,,0.5789,31,35,0.1471,0.0286,0.3868,23,29,0.3314,0.0657,0.2448,76,0.1423,0.0284,1.2206,310,0.5554,0.1221,,,,,450,4.591836735
UNCG,300,,,July,2022,Microtus pennsylvanicus ,Yes,36,160,44,116,Male,adult,Yes,,2.5711,89,95,0.3813,0.0645,0.7353,26,37,0.3838,0.0844,0.4745,211,0.2095,0.0297,1.4274,262,0.5942,0.1173,,,,,605,5.215517241
UNCG,302,,,July,2022,Microtus pennsylvanicus ,Yes,50.5,166,46,120,Female,adult,Yes,,3.055,134,136,0.5168,0.0751,0.7118,28,38,0.4225,0.0814,0.8097,266,0.334,0.0744,1.8397,352,0.7917,0.1526,,,,,792,6.6
UNCG,303,,,July,2022,Sigmodon hispidus,Yes,100,[253],[90],[163],Male,adult,Yes,,3.0231,65,80,0.4798,0.0752,1.1469,28,42,0.7041,0.143,0.9076,163,0.3276,0.0787,3.5645,609,1.3949,0.2803,,,,,894,
UNCG,314,,,July,2022,Microtus pennsylvanicus ,Yes,42.5,169,47,122,Male,adult,Yes,,3.2819,125,131,0.4873,0.0753,0.6294,26,38,0.4577,0.1022,0.4823,188,0.291,0.0561,1.6315,305,0.7758,0.1533,,,,,662,5.426229508
UNCG,316,,,July,2022,Blarina brevicauda,No ,14,103,25,78,Female,adult,No,,,,,,,0.2572,21,25,0.0539,0.0078,,,,,,,,,1.8483,472,0.595,0.1112,497,6.371794872
UNCG,317,,,July,2022,Synaptomys cooperi ,Yes,27,122,21,101,Male,adult,No,,0.8297,72,74,0.1625,0.027,0.3045,20,32,0.1748,0.0336,0.6628,331,0.3873,0.0829,1.2264,366,0.5404,0.1116,,,,,803,7.95049505
UNCG,318,,,July,2022,Peromyscus maniculatus ,Yes,15.5,187,97,90,Female,adult,Yes,,0.3427,34,36,0.139,0.0272,0.7243,32,39,0.2462,0.0617,0.1227,58,0.0918,0.0186,0.8158,231,0.3053,0.0682,,,,,364,4.044444444
UNCG,321,,,July,2022,Blarina brevicauda,No ,16,121,26,95,Female,adult,Yes,,,,,,,0.242,16,20,0.1141,0.0218,,,,,,,,,2.2376,441,0.6942,0.1204,461,4.852631579
UNCG,322,,,July,2022,Napaeozapus insignis,Yes,17.75,224,136,88,Male,adult,Yes,,0.2739,72,72,0.0681,0.0106,0.3959,18,28,0.1577,0.0316,0.2152,94,0.0792,0.0182,0.883,245,0.3048,0.0621,,,,,439,4.988636364
UNCG,324,,,July,2022,Blarina carolinensis ,Yes,7.25,94,19,75,Male,adult,Unknown ,,,,,,,0.0812,10,11,0.0468,0.01,,,,,,,,,0.8052,226,0.2505,0.0466,237,3.16
UNCG,325,,,July,2022,Blarina brevicauda,No ,18.5,120,23,97,Female,adult,No,,,,,,,0.2965,23,28,0.1393,0.02,,,,,,,,,1.7151,456,0.4706,0.0701,484,4.989690722
UNCG,327,,,July,2022,Peromyscus maniculatus ,Yes,20,[159],[65],94,Male,adult,Yes,,0.5826,38,47,0.112,0.0172,0.4043,29,34,0.2793,0.0655,0.4404,85,0.0927,0.0146,0.816,273,0.433,0.0837,,,,,439,4.670212766
UNCG,328,,,July,2022,Myodes gapperi,Yes,22.25,146,44,102,Male,adult,No,,0.6357,52,52,0.2486,0.0408,0.6225,34,35,0.3451,0.0841,0.1722,74,0.107,0.011,1.1682,318,0.5703,0.1076,,,,,479,4.696078431
UNCG,329,,,July,2022,Peromyscus leucopus ,Yes,19,162,68,94,Male,adult,Yes,,1.4641,96,,0.2898,0.0513,0.2895,27,29,0.2318,0.0502,0.3482,201,0.2054,0.0434,0.7097,364,0.3942,0.0754,,,,,,
UNCG,330,,,July,2022,Peromyscus leucopus ,Yes,14.5,167,78,89,Male,adult,Yes,,0.4062,58,59,0.1267,0.0224,0.3014,31,37,0.2753,0.0527,0.1398,77,0.0781,0.0173,0.7629,303,0.3314,0.0585,,,,,476,5.348314607
UNCG,331,,,July,2022,Peromyscus maniculatus ,Yes,13.75,181,95,86,Male,adult,No,,0.4253,45,45,0.1021,0.0164,0.3271,27,36,0.2695,0.06,0.1306,83,0.1218,0.0284,0.6707,291,0.3819,0.0776,,,,,455,5.290697674
UNCG,332,,,July,2022,Sorex cinereus,No ,6.5,116,48,68,Female,adult,No,,,,,,,0.112,14,16,0.067,0.0133,,,,,,,,,0.8062,256,0.2821,0.0425,272,4
UNCG,334,,,July,2022,Sorex cinereus,No ,4.5,97,40,57,Male,adult,Yes,,,,,,,0.413,9,10,0.224,0.0051,,,,,,,,,0.5724,174,0.1039,0.0154,184,3.228070175
UNCG,335,,,July,2022,Sorex cinereus,No ,3,98,42,56,Female,adult,No,,,,,,,0.0302,11,11,0.0182,0.0038,,,,,,,,,0.3693,164,0.1363,0.02,175,3.125
UNCG,336,,,July,2022,Sorex fumeus ,Yes,6,117,49,68,Male,adult,No,,,,,,,0.2667,13,18,0.0612,0.0141,,,,,,,,,0.8378,237,0.3427,0.067,255,3.75
UNCG,338,,,August ,2022,Myodes gapperi,Yes,22.5,144,56,88,Male,adult,Yes,,1.6983,92,92,0.3898,0.0672,0.4536,23,35,0.3222,0.0662,0.3125,188,0.2119,0.0392,1.1215,409,0.4451,0.0682,,,,,724,8.227272727
UNCG,339,,,August ,2022,Peromyscus maniculatus ,Yes,20,171,80,91,Female,adult,No,,0.5115,37,40,0.1205,0.0232,0.4542,25,36,0.4245,0.0906,0.1175,94,0.115,0.0225,0.9315,264,0.3961,0.0852,,,,,434,4.769230769
UNCG,340,,,August ,2022,Peromyscus maniculatus ,Yes,14,168,81,87,Female,adult,Yes,,0.2658,31,35,0.1059,0.0189,0.4458,23,29,0.2288,0.0516,0.1051,67,0.0699,0.0133,0.775,258,0.2537,0.0515,,,,,389,4.471264368
UNCG,341,,,August ,2022,Peromyscus leucopus ,Yes,20.5,156,73,83,Male,adult,Yes,,0.2317,30,38,0.075,0.0139,0.3496,24,35,0.3221,0.0729,0.2039,89,0.0818,0.0173,0.6965,267,0.2467,0.0483,,,,,429,5.168674699
UNCG,342,,,August ,2022,Peromyscus maniculatus ,Yes,13.5,176,91,85,Male,adult,No,,0.2006,25,27,0.0522,0.0089,0.2273,19,27,0.19,0.042,0.1168,56,0.0533,0.0092,0.6434,251,0.2086,0.044,,,,,361,4.247058824
UNCG,344,,,August ,2022,Peromyscus maniculatus ,Yes,23.75,178,84,94,Male,adult,Yes,,0.5968,41,50,0.1397,0.0263,0.3981,20,34,0.2788,0.0633,0.154,90,0.0661,0.0107,0.8903,266,0.3825,0.0865,,,,,440,4.680851064
UNCG,345,,,August ,2022,Napaeozapus insignis,Yes,23.5,234,148,86,Female,adult,Yes,,0.191,30,34,0.0552,0.0112,0.8602,26,39,0.1378,0.0298,0.1396,76,0.0624,0.0137,1.1354,302,0.3887,0.0806,,,,,451,5.244186047
UNCG,346,,,August ,2022,Peromyscus maniculatus ,Yes,17,188,105,83,Male,adult,No,,0.4997,31,36,0.1156,0.02,0.3069,22,33,0.2694,0.0567,0.1398,78,0.0849,0.0185,0.9606,238,0.385,0.0905,,,,,385,4.638554217
UNCG,347,,,August ,2022,Peromyscus maniculatus ,Yes,20.75,180,89,91,Female,adult,Yes,,0.8498,40,,0.1607,0.0217,0.673,22,43,0.3634,0.0778,0.1806,92,0.0963,0.0176,1.392,325,0.3897,0.0626,,,,,,
UNCG,348,,,August ,2022,Peromyscus maniculatus ,Yes,14.5,179,99,80,Male,adult,Yes,,0.3457,25,28,0.0776,0.0131,0.2459,21,29,0.2215,0.0501,0.1189,60,0.0509,0.0094,0.6407,232,0.2869,0.0536,,,,,349,4.3625
UNCG,349,,,July,2022,Sorex cinereus,Unknown,3,83,39,44,Female,adult,No,,,,,,,0.0282,8,12,0.0178,0.0027,,,,,,,,,0.4748,227,0.2253,0.03,239,5.431818182
UNCG,350,,,July,2022,Blarina brevicauda,Unknown,12.25,106,24,82,Female,adult,No,,,,,,,0.1621,24,28,0.1094,0.0157,,,,,,,,,1.1413,410,0.3812,0.0481,438,5.341463415
UNCG,351,,,July,2022,Peromyscus maniculatus ,Unknown,22.5,[144],[54],90,Male,adult,Yes,,0.3566,34,40,0.1426,0.0208,0.8219,29,42,0.3908,0.0916,0.2065,92,0.1601,0.0114,1.2044,290,0.3814,0.0625,,,,,464,5.155555556
UNCG,352,,,July,2022,Blarina brevicauda,Unknown,13,106,24,82,Male,adult,No,,,,,,,0.1673,18,21,0.082,0.0157,,,,,,,,,1.1465,444,0.411,0.0574,465,5.670731707
UNCG,353,,,July,2022,Tamias striatus,Unknown,87,236,93,143,Male,adult,Yes,,2.9719,72,80,0.5021,0.0677,1.0297,33,41,0.5571,0.1101,1.0539,203,0.4712,0.0811,3.6898,794,1.7303,0.3244,,,,,1118,7.818181818
UNCG,354,,,July,2022,Tamias striatus,Unknown,87,244,94,150,Male,adult,No,,0.9596,51,54,0.2833,0.05,0.9359,29,43,0.6338,0.1076,0.6402,175,0.3305,0.3244,2.9731,634,1.2493,0.2016,,,,,906,6.04
UNCG,355,,,July,2022,Sorex cinereus,Unknown,3,96,43,53,Male,adult,No,,,,,,,0.0716,10,12,0.0198,0.0032,,,,,,,,,0.3546,187,0.1239,0.0215,199,3.754716981
UNCG,356,,,July,2022,Sorex cinereus,Unknown,3.25,91,38,53,Female,adult,No,,,,,,,,,,,,,,,,,,,,0.5107,214,0.1786,0.0259,,
UNCG,357,,,July,2022,Sorex cinereus,Unknown,6.25,98,38,60,Female,adult,Yes,,,,,,,0.0403,15,15,0.0272,0.0049,,,,,,,,,0.3891,194,0.1296,0.0195,209,3.483333333
UNCG,358,,,July,2022,Blarina brevicauda,Unknown,19.5,110,22,88,Female,adult,Yes,,,,,,,0.2029,18,25,0.1085,0.0201,,,,,,,,,1.8584,492,0.5054,0.0882,517,5.875
UNCG,359,,,July,2022,Tamias striatus,Unknown,70,232,94,138,Male,adult,No,,1.7958,30,59,0.2719,0.0377,1.3405,35,48,0.5117,0.09,1.6992,224,0.5165,0.0798,4.4549,837,1.427,0.2008,,,,,1168,8.463768116
UNCG,360,,,July,2022,Tamias striatus,Unknown,93,247,97,150,Male,adult,Yes,,2.2287,66,81,0.3982,0.0571,0.9831,30,43,0.604,0.115,1.2095,196,0.432,0.0784,4.7031,777,1.8046,0.306,,,,,1097,7.313333333
UNCG,361,,,July,2022,Sorex cinereus,Unknown,3.5,92,45,47,Male,adult,No,,,,,,,0.0525,11,15,0.0236,0.0039,,,,,,,,,0.4401,197,0.1915,0.0344,212,4.510638298
UNCG,362,,,July,2022,Sorex cinereus,Unknown,4.75,100,42,58,Male,adult,Yes,,,,,,,0.0554,9,13,0.0353,0.0066,,,,,,,,,0.4295,211,0.1551,0.0226,224,3.862068966
UNCG,363,,,July,2022,Blarina brevicauda,Unknown,17.25,102,29,73,Male,adult,No,,,,,,,0.2458,30,39,0.1176,0.0227,,,,,,,,,1.8355,402,0.4103,0.0531,441,6.04109589
UNCG,364,,,July,2022,Sorex cinereus,Unknown,5.5,101,43,58,Female,adult,Yes,,,,,,,0.051,16,17,0.0393,0.0074,,,,,,,,,0.3718,241,0.1386,0.0197,258,4.448275862
UNCG,365,,,July,2022,Blarina brevicauda,Unknown,18.25,90,26,64,Female,adult,Yes,,,,,,,0.2473,20,23,0.1302,0.0257,,,,,,,,,1.5461,435,0.5477,0.0926,458,7.15625
UNCG,366,,,July,2022,Blarina brevicauda,Unknown,18,99,34,65,Male,adult,No,,,,,,,0.2003,16,22,0.0968,0.0165,,,,,,,,,2.2201,401,0.4329,0.0678,423,6.507692308
UNCG,367,,,July,2022,Blarina brevicauda,Unknown,18.25,104,30,74,Male,adult,Yes,,,,,,,0.263,41,46,0.1431,0.0211,,,,,,,,,1.2096,406,0.3487,0.0385,452,6.108108108
UNCG,368,,,July,2022,Blarina brevicauda,Unknown,14.5,93,32,61,Female,adult,No,,,,,,,0.1523,19,24,0.096,0.0149,,,,,,,,,1.6639,420,0.4596,0.0763,444,7.278688525
UNCG,369,,,July,2022,Blarina brevicauda,Unknown,17.5,104,29,75,Unknown,adult,No,,,,,,,0.2166,24,27,0.0829,0.0168,,,,,,,,,1.2009,391,0.348,0.0498,418,5.573333333
UNCG,370,,,July,2022,Blarina brevicauda,Unknown,18,102,30,72,Female,adult,No,,,,,,,0.0929,19,24,0.0584,0.0107,,,,,,,,,1.7102,427,0.3917,0.064,451,6.263888889
UNCG,372,,,September,2022,Peromyscus leucopus ,Yes,22,168,72,96,Male,adult,Yes,1.0289,0.716,32,37,0.1328,0.0176,0.9098,33,43,0.3118,0.0734,0.2559,94,0.1259,0.0226,1.4075,299,0.3529,0.0627,,,,,473,4.927083333
UNCG,373,,,September,2022,Peromyscus maniculatus ,Yes,25,177,80,97,Male,adult,Yes,1.1894,0.6411,40,45,0.1518,0.0232,0.7776,31,44,0.3183,0.0717,0.2939,93,0.1044,0.0191,1.3179,283,0.3751,0.0687,,,,,465,4.793814433
UNCG,374,,,September,2022,Peromyscus maniculatus ,Yes,27.5,183,79,104,Female,adult,Yes,2.0274,1.2025,36,52,0.1697,0.0268,1.0338,34,47,0.5289,0.1206,0.612,120,0.1468,0.0273,2.7012,328,0.4437,0.0785,,,,,547,5.259615385
UNCG,375,,,September,2022,Blarina brevicauda,Yes,13,112,25,87,Female,adult,No,,,,,,,0.5181,19,33,0.0827,0.0161,,,,,,,,,1.9357,333,0.421,0.0861,366,4.206896552
UNCG,376,,,September,2022,Sorex fumeus ,No ,7,100,48,52,Male,adult,No,,,,,,,0.1048,24,26,0.0779,0.0134,,,,,,,,,0.7455,154,0.1986,0.0299,180,3.461538462
UNCG,377,,,September,2022,Blarina brevicauda,No ,14,104,20,84,Female,adult,No,,,,,,,0.1822,21,25,0.0828,0.0163,,,,,,,,,1.344,430,0.4161,0.0607,455,5.416666667
UNCG,378,,,September,2022,Sorex cinereus,No ,5.25,108,44,64,Female,adult,No,,,,,,,0.0525,19,20,0.0384,0.0068,,,,,,,,,0.4669,178,0.1894,0.0268,198,3.09375
UNCG,379,,,September,2022,Blarina brevicauda,No ,13.5,113,26,87,Female,adult,No,,,,,,,0.1546,19,22,0.0747,0.0141,,,,,,,,,1.801,386,0.4438,0.057,408,4.689655172
UNCG,380,,,September,2022,Napaeozapus insignis,Yes,16.5,229,142,87,Male,adult,Yes,0.8149,0.1683,63,64,0.0482,0.0072,0.3859,19,31,0.1089,0.0223,0.1985,81,0.0809,0.0145,0.8628,243,0.2904,0.0612,,,,,419,4.816091954
UNCG,381,,,September,2022,Napaeozapus insignis,Yes,17.5,233,142,91,Male,adult,No,0.7327,0.2224,69,69,0.0509,0.0078,0.324,17,32,0.165,0.0287,0.2197,95,0.0854,0.0142,0.9369,304,0.2988,0.0517,,,,,500,5.494505495
UNCG,382,,,September,2022,Sorex fumeus ,No ,5.5,100,40,60,Male,adult,No,,,,,,,0.0849,14,15,0.0412,0.0073,,,,,,,,,0.5847,227,0.213,0.036,242,4.033333333
UNCG,383,,,September,2022,Peromyscus maniculatus ,Yes,17.25,175,89,86,Male,adult,Yes,0.9105,0.5612,37,42,0.1616,0.0294,0.3152,25,27,0.2755,0.0622,0.1528,67,0.0593,0.0117,1.1623,323,0.3801,0.0738,,,,,459,5.337209302
UNCG,384,,,September,2022,Peromyscus maniculatus ,Yes,20.5,173,78,95,Female ,adult,Yes,0.836,0.4869,31,36,0.1261,0.0188,0.3596,24,32,0.3123,0.066,0.253,128,0.1418,0.0248,1.3645,299,0.4563,0.0684,,,,,495,5.210526316
UNCG,385,,,September,2022,Peromyscus maniculatus ,Yes,17,189,102,87,Male,adult,Yes,0.6277,0.5176,27,33,0.1492,0.0163,0.2878,23,29,0.238,0.0482,0.2592,94,0.1245,0.0238,1.0985,277,0.362,0.0496,,,,,433,4.977011494
UNCG,386,,,September,2022,Peromyscus maniculatus ,Yes,23.5,[113],[15],98,Male,adult,Yes,1.0501,0.5349,36,40,0.1171,0.0213,0.4071,23,35,0.2447,0.0559,0.1571,72,0.0645,0.0125,0.9407,288,0.2928,0.0542,,,,,435,4.43877551
UNCG,387,,,September,2022,Peromyscus maniculatus ,Yes,15.5,168,83,85,Male,adult,No,1.4071,0.6349,30,43,0.0843,0.0134,0.2889,23,32,0.2534,0.0553,0.3476,68,0.0832,0.0127,1.2053,277,0.4816,0.091,,,,,420,4.941176471
UNCG,388,,,September,2022,Peromyscus maniculatus ,Yes,21.75,[160],[67],93,Male,adult,No,0.8735,0.4776,36,48,0.1362,0.0181,0.3091,24,32,0.2737,0.0612,0.2066,94,0.0848,0.0142,1.1591,330,0.4297,0.0729,,,,,504,5.419354839
UNCG,389,,,September,2022,Peromyscus leucopus ,Yes,27.5,172,76,96,Female,adult,Yes,1.334,0.7016,39,45,0.1683,0.0225,0.4679,27,39,0.4771,0.0901,0.338,119,0.2136,0.0366,1.9046,363,0.9308,0.181,,,,,566,5.895833333
UNCG,390,,,September,2022,Peromyscus maniculatus ,Yes,24,179,78,101,Male,adult,Yes,0.8936,0.4436,34,46,0.125,0.0174,0.3533,24,35,0.3272,0.0625,0.2213,101,0.0999,0.0167,1.0721,298,0.3555,0.0662,,,,,480,4.752475248
UNCG,391,,,September,2022,Peromyscus maniculatus ,Yes,20,198,108,90,Female,adult,Yes,1.0564,0.8176,32,41,0.1318,0.0263,0.5198,27,37,0.4908,0.1084,0.4278,121,0.1511,0.0315,1.4562,377,0.4472,0.0978,,,,,576,6.4
UNCG,392,,,September,2022,Sorex fumeus ,No ,5.25,104,41,63,Female,adult,No,,,,,,,0.1118,14,18,0.051,0.0233,,,,,,,,,0.5666,196,0.1271,0.0081,214,3.396825397
UNCG,396,,,July,2022,Blarina brevicauda,No ,16,101,18,83,Female,adult,Yes,,,,,,,0.1889,14,21,0.0821,0.0137,,,,,,,,,1.8322,394,0.4081,0.0621,415,5
UNCG,397,,,July,2022,Sorex cinereus,No ,3,88,34,54,Female,adult,No,,,,,,,0.0418,8,9,0.0211,0.003,,,,,,,,,0.4612,218,0.1804,0.0255,227,4.203703704
UNCG,398,,,July,2022,Sorex cinereus,No ,3,89,37,52,Female,adult,No,,,,,,,0.0518,11,13,0.0295,0.0049,,,,,,,,,0.4779,202,0.143,0.022,215,4.134615385
UNCG,399,,,October,2022,Peromyscus maniculatus ,No ,16.75,164,89,75,Male,adult,Yes,,0.4183,26,32,0.076,0.0128,0.3489,24,32,0.1425,0.0516,0.1977,80,0.0884,0.017,1.0119,281,0.2738,0.0559,,,,,425,5.666666667
UNCG,400,,,October,2022,Peromyscus maniculatus ,No ,19.75,170,82,88,Female,adult,Yes,,0.548,41,47,0.1175,0.0185,0.4047,26,35,0.3393,0.0668,0.2981,102,0.0812,0.0163,1.0036,302,0.2759,0.0601,,,,,486,5.522727273
UNCG,401,,,October,2022,Peromyscus maniculatus ,No ,16.5,174,91,83,Male,adult,No,,0.545,26,37,0.1184,0.0189,0.3578,21,27,0.2063,0.0426,0.1546,77,0.0898,0.0168,0.9817,281,0.3026,0.0627,,,,,422,5.084337349
UNCG,402,,,October,2022,Peromyscus maniculatus ,Yes,14.75,182,90,92,Female,adult,No,,0.5062,28,37,0.1044,0.0188,0.37,24,32,0.2507,0.0568,0.2095,84,0.1345,0.0276,1.0809,289,0.2623,0.0585,,,,,442,4.804347826
UNCG,403,,,October,2022,Peromyscus maniculatus ,Yes,17.5,189,103,86,Male,adult,No,,1.0117,32,51,0.1192,0.0224,0.41,24,30,0.2368,0.0511,0.2289,87,0.1474,0.0345,0.9387,297,0.299,0.0639,,,,,465,5.406976744
UNCG,404,,,October,2022,Peromyscus maniculatus ,Yes,13.5,168,88,80,Male,adult,No,,0.3158,30,34,0.0988,0.0167,0.4865,26,39,0.1566,0.0377,0.1245,59,0.0721,0.0138,0.7033,205,0.3149,0.0688,,,,,337,4.2125
UNCG,405,,,October,2022,Peromyscus leucopus ,Yes,16.25,174,78,96,Male,adult,No,,0.4949,28,42,0.1136,0.0206,0.3557,25,32,0.29111,0.0662,0.1716,85,0.1086,0.0205,0.9397,291,0.3932,0.0802,,,,,450,4.6875
UNCG,406,,,October,2022,Peromyscus maniculatus ,Yes,18.75,169,79,90,Female,adult,No,,0.7086,34,50,0.148,0.0233,0.4272,24,35,0.4054,0.0765,0.3125,102,0.1554,0.029,0.9986,293,0.4273,0.0811,,,,,480,5.333333333
UNCG,407,,,November,2022,Microtus pinetorum ,No ,19,104,21,83,Male,adult,No,,1.4558,78,83,0.2706,0.0415,0.7479,25,38,0.2589,0.0579,0.2181,98,0.144,0.0244,0.9978,260,0.2977,0.0542,,,,,479,5.771084337
UNCG,410,,,November,2022,Sorex cinereus,Yes,2.75,92,41,51,Female,adult,No,,,,,,,0.0349,9,12,0.0226,0.0045,,,,,,,,,0.3658,156,0.1445,0.0249,168,3.294117647
UNCG,411,,,November,2022,Sorex cinereus,Yes,2.5,90,37,53,Male,adult,No,,,,,,,0.0454,17,17,0.0323,0.0076,,,,,,,,,0.3279,147,0.1328,0.029,164,3.094339623
UNCG,412,,,November,2022,Blarina brevicauda,Yes,[14.75],125,25,100,Female,adult,No,,,,,,,0.2013,17,22,0.1389,0.0297,,,,,,,,,1.35,319,0.4932,0.1024,341,3.41
UNCG,413,,,November,2022,Peromyscus maniculatus ,Unknown,15.5,171,93,78,Male,adult,No,,0.5517,40,41,0.1152,0.018,0.297,21,31,0.2349,0.05,0.1166,66,0.0556,0.0106,0.986,282,0.4328,0.0706,,,,,420,5.384615385
UNCG,414,,,November,2022,Peromyscus maniculatus ,Unknown,13.5,151,77,74,Male,adult,No,,0.2439,28,32,0.0717,0.0116,0.6418,29,37,0.1679,0.0382,0.2388,79,0.0578,0.0085,0.6025,224,0.1906,0.0372,,,,,372,5.027027027
UNCG,415,,,November,2022,Peromyscus leucopus ,Unknown,14.75,146,65,81,Male,adult,No,,0.4208,36,44,0.0825,0.0132,0.2981,23,28,0.2121,0.0442,0.1677,71,0.0569,0.0102,0.7629,254,0.2998,0.0593,,,,,397,4.901234568
UNCG,418,,,November,2022,Peromyscus maniculatus ,Unknown,16,173,88,85,Female,adult,No,,0.4422,24,29,0.1025,0.0207,0.5177,27,35,0.2736,0.06,0.1944,94,0.1237,0.0248,0.9584,276,0.3096,0.0649,,,,,434,5.105882353
UNCG,421,,,November,2022,Peromyscus maniculatus ,Unknown,13.25,158,82,76,Male,adult,No,,0.2885,29,31,0.0543,0.0087,0.2428,22,26,0.1656,0.0375,0.1051,69,0.0544,0.0107,0.6341,212,0.2155,0.0448,,,,,338,4.447368421
UNCG,423,,,November,2022,Peromyscus maniculatus ,Unknown,17.25,152,64,88,Male,adult,No,,0.6066,32,43,0.0883,0.0132,0.4299,28,33,0.1854,0.0434,0.1808,69,0.0663,0.0133,0.8035,274,0.2086,0.0455,,,,,419,4.761363636
UNCG,424,,,November,2022,Peromyscus maniculatus ,Unknown,16,169,94,75,Female,adult,No,,0.5785,29,36,0.1326,0.0203,0.4052,22,32,0.2331,0.0512,0.1973,86,0.0827,0.0191,0.9819,263,0.3412,0.0728,,,,,417,5.56
UNCG,425,,,November,2022,Peromyscus maniculatus ,Unknown,17.25,184,97,87,Female,adult,No,,0.2463,18,23,0.0729,0.0148,0.4621,22,34,0.2695,0.0577,0.1675,93,0.0998,0.0187,0.8697,352,0.3979,0.0868,,,,,502,5.770114943
UNCG,426,,,November,2022,Sorex cinereus,No ,2.75,99,42,57,Unknown,adult,Unknown ,,,,,,,0.047,15,18,0.0156,0.0034,,,,,,,,,0.3778,164,0.1022,0.0176,182,3.192982456
UNCG,427,,,November,2022,Sorex fumeus ,No ,6.5,115,48,67,Male,adult,No,,,,,,,0.1096,21,21,0.0591,0.0107,,,,,,,,,0.7182,242,0.1722,0.0403,263,3.925373134
UNCG,428,,,November,2022,Sorex cinereus,No ,2.75,96,40,56,Female,adult,No,,,,,,,0.0539,18,19,0.0295,0.0068,,,,,,,,,0.3254,164,0.0954,0.0122,183,3.267857143
UNCG,429,,,November,2022,Sorex cinereus,No ,3,100,48,52,Female,adult,No,,,,,,,0.0647,19,19,0.0277,0.0057,,,,,,,,,0.5103,199,0.0976,0.0161,218,4.192307692
UNCG,430,,,November,2022,Sorex cinereus,No ,2.5,97,39,58,Female,adult,No,,,,,,,0.0523,17,17,0.032,0.0071,,,,,,,,,0.317,163,0.1591,0.0259,180,3.103448276
UNCG,432,,,December,2022,Peromyscus leucopus ,No ,12,149,63,86,Female,adult,No,0.4604,0.2206,23,26,0.0569,0.0079,0.3113,22,33,0.227,0.0411,0.1701,90,0.0846,0.0134,0.7685,316,0.291,0.0473,,,,,465,5.406976744
UNCG,433,,,December,2022,Peromyscus leucopus ,No ,15.75,148,64,84,Male,adult,No,0.7777,0.6859,38,46,0.0911,0.0151,0.2971,25,31,0.2433,0.0487,0.1744,89,0.071,0.0145,1.1413,317,0.3593,0.0711,,,,,483,5.75
UNCG,434,,,December,2022,Peromyscus leucopus ,No ,12.5,146,62,84,Female,adult,No,0.6368,0.5614,33,41,0.0744,0.0108,0.2969,22,30,0.2534,0.0512,0.2301,102,0.1293,0.0231,0.8029,356,0.3234,0.0404,,,,,529,6.297619048
UNCG,435,,,December,2022,Peromyscus maniculatus ,Yes,13,162,82,80,Male,adult,No,0.7728,0.3407,27,37,0.079,0.0136,0.2682,23,30,0.232,0.0526,0.1653,84,0.0699,0.0126,0.7588,299,0.2461,0.0503,,,,,450,5.625
UNCG,436,,,December,2022,Peromyscus maniculatus ,Yes,11.25,146,71,75,Female,adult,No,0.3855,0.2844,23,27,0.0398,0.0055,0.1944,22,27,0.1444,0.0301,0.1016,78,0.048,0.0096,0.7112,249,0.2483,0.0482,,,,,381,5.08
UNCG,455,,,March,2022,Microtus pinetorum ,Yes,19.5,124,23,101,Male,adult,No,,0.7035,71,71,0.1604,0.0271,0.3854,22,33,0.2276,0.0473,0.2822,113,0.1593,0.0289,0.9304,215,0.3994,0.0852,,,,,432,4.277227723
UNCG,460,,,April,2022,Peromyscus leucopus ,No ,21.5,149,56,93,Female,adult,Yes,,0.7245,38,41,0.1175,0.0209,0.7765,25,39,0.2584,0.0652,0.5401,107,0.1206,0.0169,1.5551,326,0.429,0.0806,,,,,513,5.516129032
UNCG,461,,,April,2022,Peromyscus leucopus ,No ,20.5,[152],66,86,Female,adult,Yes,,0.5528,38,44,0.1127,0.018,0.7272,28,46,0.3104,0.0716,0.1791,57,0.0745,0.0134,1.2045,319,0.8312,0.1699,,,,,466,5.418604651
UNCG,481,,,May,2022,Napaeozapus insignis ,No ,29.5,232,147,85,Female,adult,Yes,,0.4778,46,46,0.035,0.0051,2.1773,23,49,0.1092,0.0244,0.3678,88,0.1225,0.0203,2.1346,273,0.4898,0.0897,,,,,456,5.364705882
UNCG,491,,,May ,2022,Napaeozapus insignis,No ,24,220,136,84,Male,adult,Yes,,0.2523,67,67,0.0675,0.0103,0.9092,19,47,0.1039,0.0233,0.1276,63,0.0476,0.0073,1.2515,255,0.2587,0.0464,,,,,432,5.142857143
UNCG,504,,,May,2022,Sciurus carolinensis,No ,380,431,212,219,Male,adult,Yes,,5.463,53,95,1.1177,0.2258,7.8375,38,67,1.2924,0.2938,4.6315,266,0.9863,0.2579,11.2769,1110,3.4594,0.6952,,,,,1538,7.02283105
UNCG,510,,,July,2022,Rattus norvegicus,No ,300,411,193,218,Male,adult,Yes,,6.3433,,127,0.08078,0.1548,2.5353,44,62,1.796,0.4038,1.7251,133,0.7431,0.1552,11.0607,1413,5.1829,1.1006,,,,,1735,7.958715596
UNCG,511,,,September,2022,Peromyscus leucopus ,No ,16.75,139,60,79,Male,adult,Yes,,0.3707,24,34,0.076,0.0122,0.8763,29,52,0.3126,0.0783,0.2279,76,0.0822,0.0164,0.8014,214,0.2651,0.0498,,,,,376,4.759493671
UNCG,512,,,June,2022,Blarina carolinensis ,No ,NA,95,22,73,Female,adult,No,,,,,,,,19,21,0.0483,0.0076,,,,,,,,,1.0103,305,0.1841,0.0276,326,4.465753425
,,NDM,4454,September,2016,Microtus pinetorum ,Unknown,NA,119,20,99,Male,adult,No,,1.0889,55,82,0.1195,0.0166,1.824,33,54,0.2785,0.064,0.4029,153,0.1298,0.0188,1.0066,252,0.3115,0.0383,,,,,541,5.464646465
,,NDM,4455,September,2016,Microtus pinetorum ,Unknown,NA,124,21,103,Male,adult,No,,1.8173,67,67,0.2382,0.0403,1.7058,32,49,0.2627,0.0635,0.7422,166,0.1669,0.0283,1.1402,339,0.5589,0.0804,,,,,621,6.029126214
,,NDM,4456,April,2017,Peromyscus leucopus ,Unknown,NA,146,61,85,Male,adult,Yes,,0.6062,41,45,0.1209,0.0119,0.6014,28,45,0.2397,0.0474,0.3493,99,0.105,0.0145,1.0716,324,0.2175,0.037,,,,,513,6.035294118
,,NDM,4457,February,2016,Peromyscus leucopus ,Unknown,NA,160,64,96,Male,adult,No,,0.3472,34,37,0.1139,0.0147,1.809,35,54,0.3245,0.0661,0.3229,94,0.084,0.0099,0.9993,314,0.316,0.0488,,,,,499,5.197916667
,,NDM,4458,July,2016,Peromyscus leucopus ,Unknown,NA,144,62,82,Female,adult,No,,0.4271,38,44,0.0746,0.0093,0.9179,36,38,0.2415,0.0438,0.2936,84,0.0733,0.0121,0.5504,262,0.1661,0.0303,,,,,428,5.219512195
,,NDM,4459,July,2016,Peromyscus leucopus ,Unknown,NA,140,62,78,Male,adult,No,,0.5697,43,48,0.0966,0.014,1.0848,31,37,0.2403,0.0457,0.1962,67,0.034,0.0039,0.7762,309,0.121,0.0206,,,,,461,5.91025641
,,NDM,4460,November,2016,Peromyscus leucopus ,Unknown,NA,167,71,96,Male,adult,Yes,,0.8063,36,49,0.1111,0.0166,0.9075,29,42,0.2843,0.0653,0.32,124,0.097,0.0142,1.3861,297,0.1715,0.0263,,,,,512,5.333333333
,,NDM,4462,May,2017,Peromyscus leucopus ,Unknown,NA,129,51,78,Female,adult,No,,0.3042,29,40,0.0509,0.0069,0.8025,32,42,0.2501,0.0448,0.2703,90,0.0691,0.0103,0.5521,219,0.0756,0.0133,,,,,391,5.012820513
,,NDM,4463,May,2017,Peromyscus leucopus ,Unknown,NA,159,67,92,Male,adult,Yes,,0.4015,41,46,0.1126,0.0148,0.875,31,40,0.3105,0.0678,0.2177,77,0.0577,0.0047,0.9283,225,0.141,0.0203,,,,,388,4.217391304
,,NDM,4464,May,2017,Peromyscus leucopus ,Unknown,NA,143,58,85,Male,adult,No,,0.5567,28,34,0.0827,0.0117,0.7808,31,49,0.2577,0.0496,0.3249,77,0.0626,0.0078,0.9854,285,0.1873,0.0263,,,,,445,5.235294118
,,NDM,4559,August ,2018,Peromyscus leucopus ,Unknown,NA,157,65,92,Female,adult,Yes,,0.3828,40,39,0.0897,0.016,0.7117,34,44,0.2474,0.062,0.2372,76,0.0736,0.011,0.8815,328,0.2234,0.038,,,,,487,5.293478261
,,NDM,4561,February,2019,Peromyscus leucopus ,Unknown,NA,154,63,91,Female,adult,No,,0.748,41,52,0.1141,0.0157,1.0266,37,50,0.3383,0.0663,0.412,104,0.1705,0.0235,0.9324,304,0.247,0.0359,,,,,510,5.604395604
,,NDM,4562,February,2019,Peromyscus leucopus ,Unknown,NA,161,67,94,Male,adult,No,,0.4209,32,39,0.1253,0.0161,1.9577,35,52,0.3552,0.0931,0.2518,69,0.119,0.0131,1.1414,312,0.3427,0.0523,,,,,472,5.021276596
,,NDM,4564,May,2019,Peromyscus leucopus ,Unknown,NA,157,64,93,Male,adult,No,,0.4736,34,51,0.114,0.0167,0.4485,26,37,0.329,0.0576,0.1432,66,0.0463,0.0052,0.7394,322,0.1919,0.028,,,,,476,5.11827957
,,NDM,4565,December,2020,Peromyscus leucopus ,Unknown,NA,118,51,67,Female,adult,No,,0.4771,37,41,0.0724,0.0105,1.5438,31,49,0.175,0.0366,0.1383,57,0.0342,0.0051,0.8034,267,0.1302,0.0181,,,,,414,6.179104478
,,NDM,4566,December,2020,Peromyscus leucopus ,Unknown,NA,149,65,84,Male,adult,No,,0.4772,38,45,0.097,0.0137,0.9894,30,40,0.2134,0.0469,0.3259,90,0.0937,0.0132,0.6828,256,0.1103,0.0164,,,,,431,5.130952381
,,NDM,4567,December,2020,Peromyscus leucopus ,Unknown,NA,167,76,91,Female,adult,Yes,,1.0905,50,49,0.1635,0.0215,0.9858,33,45,0.3654,0.0773,0.5987,126,0.1687,0.0241,1.517,342,0.2793,0.0389,,,,,562,6.175824176
,,NDM,4568,December,2020,Peromyscus leucopus ,Unknown,NA,147,62,85,Female,adult,No,,0.8766,43,44,0.1184,0.0187,0.7758,26,36,0.2361,0.0552,0.2089,62,0.0464,0.0063,0.9562,290,0.1973,0.0254,,,,,432,5.082352941
,,NDM,4569,December,2020,Peromyscus leucopus ,Unknown,NA,144,60,84,Female,adult,No,,0.6426,46,52,0.1351,0.0183,0.9525,33,43,0.2281,0.0406,0.3131,79,0.0627,0.0086,1.0797,312,0.175,0.0272,,,,,486,5.785714286
,,NDM,4572,February,2020,Blarina brevicauda,Unknown,NA,119,23,96,Male,adult,No,,,,,,,0.5713,32,39,0.1194,0.0164,,,,,,,,,1.3065,381,0.5106,0.0768,420,4.375
,,NDM,4573,March,2020,Blarina brevicauda,Unknown,NA,132,24,108,Male,adult,No,,,,,,,0.3688,30,39,0.1286,0.0154,,,,,,,,,1.4196,416,0.3128,0.0548,455,4.212962963
,,NDM,4576,January,2019,Scalopus aquaticus ,Unknown,NA,167,19,148,Male,adult,No,,,,,,,1.4447,52,57,0.8292,0.1626,,,,,,,,,5.574,654,1.0266,0.1725,711,4.804054054
,,NDM,4577,November,2016,Microtus pennsylvanicus ,Unknown,34,155,37,118,Male,adult,No,,2.006,133,132,0.3727,0.0616,0.706,29,39,0.3544,0.0694,0.7916,214,0.4072,0.0661,1.6673,359,0.9392,0.1408,,,,,744,6.305084746
,,NDM,4578,October,2019,Microtus pennsylvanicus ,Unknown,43,163,42,121,Male,adult,No,,3.7833,126,131,0.6742,0.1375,1.762,38,52,0.4166,0.0878,0.6614,146,0.4031,0.0618,1.7082,376,0.6223,0.0973,,,,,705,5.826446281
,,NDM,4579,November,2016,Mus musculus ,Unknown,19,165,73,92,Male,adult,Yes,,,,,,,,,,,,0.3432,87,0.0642,0.0106,1.9831,319,0.5221,0.138,,,,,,
,,NDM,4580,November,2016,Mus musculus ,Unknown,19,144,68,76,Female,adult,No,,0.1318,20,21,0.024,0.0058,,,,,,0.1402,62,0.0752,0.0167,0.7864,294,0.3579,0.0793,,,,,,
,,NEON,01I67,September,2018,Glaucomys sabrinus ,Unknown,90.4,275,125,150,Male,adult,No,,2.222,88,92,0.6464,0.1076,4.4976,45,79,0.8096,0.1809,1.4291,246,0.6324,0.0948,5.5753,869,1.6392,0.2639,,,,,1286,8.573333333
,,NEON,01I6Z,August ,2018,Glaucomys sabrinus ,Unknown,86.4,256,110,146,Male,adult,Yes,,2.6373,66,70,0.6674,0.0986,8.5307,46,72,0.7638,0.1679,2.126,321,0.8464,0.1306,6.7826,854,1.303,0.2164,,,,,1317,9.020547945
,,NEON,01I7N,July,2018,Glaucomys sabrinus ,Unknown,101.8,272,120,152,Male,adult,Yes,,2.6371,69,72,0.7195,0.1144,8.2592,51,81,0.8803,0.1914,2.0273,294,0.8365,0.143,6.6772,969,1.7324,0.3027,,,,,1416,9.315789474
,,NEON,01I7P,July,2018,Glaucomys sabrinus ,Unknown,125.8,285,124,161,Female,adult,No,,3.3257,78,86,1.0095,0.1641,17.6427,62,105,1.5928,0.3727,2.8845,395,1.1316,0.2121,8.5489,1104,1.9409,0.3549,,,,,1690,10.49689441
,,NEON,01IEQ,September,2018,Glaucomys volans ,Unknown,53.7,213,105,108,Male,adult,Yes,,1.8253,62,67,0.3169,0.043,0.7908,27,36,0.4837,0.0811,1.2873,220,0.2998,0.0401,4.7959,677,0.9474,0.1386,,,,,1000,9.259259259
,,NEON,01IEX,September,2018,Glaucomys volans ,Unknown,49,223,97,126,Male,adult,Yes,,1.2996,51,56,0.4761,0.0565,0.8707,29,47,0.5885,0.127,1.4997,190,0.3407,0.0488,3.8965,622,0.9069,0.1111,,,,,915,7.261904762
,,NEON,01IEY,September,2018,Glaucomys volans ,Unknown,60.5,233,107,126,Female,adult,No,,2.9456,61,68,0.479,0.06,0.9302,28,43,0.5485,0.1059,1.2402,200,0.319,0.0906,4.5013,668,1.1169,0.1572,,,,,979,7.76984127
,,NEON,01IFM,May ,2018,Glaucomys volans ,Unknown,56.7,230,99,131,Female,adult,No,,1.8189,61,70,0.5131,0.0624,1.4331,39,49,0.7059,0.0485,0.5681,137,0.2626,0.0396,6.606,730,1.57,0.2081,,,,,986,7.526717557
,,NEON,01IPU,July,2019,Microtus pennsylvanicus ,Unknown,43.7,150,41,109,Male,adult,Yes,,2.3976,138,122,0.4124,0.0738,0.843,29,46,0.3682,0.093,0.6049,249,0.3842,0.0587,2.3129,504,1.4532,0.255,,,,,921,8.449541284
,,NEON,016Q,September,2018,Microtus pennsylvanicus ,Unknown,23.4,121,35,86,Female,adult,No,,2.2091,112,137,0.326,0.0694,1.4792,26,42,0.2262,0.0507,0.5518,204,0.2743,0.0557,2.014,307,0.7476,0.1522,,,,,690,8.023255814
,,NEON,01OJ,August ,2019,Microtus pennsylvanicus ,Unknown,22.2,134,39,95,Female,adult,No,,2.4386,137,138,0.3719,0.0555,0.3483,21,31,0.2564,0.056,0.3875,218,0.2573,0.0395,1.1192,290,0.6018,0.103,,,,,677,7.126315789
,,NEON,01IP3,October,2019,Microtus pennsylvanicus ,Unknown,24.1,133,38,95,Male,adult,Yes,,1.6583,149,156,0.462,0.071,0.9519,28,39,0.2562,0.0598,0.5977,186,0.3555,0.0612,1.8427,304,0.7801,0.1385,,,,,685,7.210526316
,,NEON,01IPW,September,2019,Microtus pennsylvanicus ,Unknown,31,133,39,94,Female,adult,Yes,,1.9222,113,113,0.3091,0.0468,0.6728,27,37,0.229,0.0505,0.6444,212,0.4377,0.0858,1.5443,346,0.985,0.1892,,,,,708,7.531914894
,,NEON,011Q3,April,2019,Microtus pennsylvanicus ,Unknown,36.7,146,39,107,Female,adult,No,,4.4132,119,141,0.7212,0.0884,0.5564,28,35,0.4601,0.1752,0.7651,212,0.4822,0.0786,2.5678,404,1.6935,0.3225,,,,,792,7.401869159
,,NEON,011BX,September,2018,Myodes gapperi,Unknown,19.9,125,36,89,Female ,adult,No,,1.3056,82,84,0.3294,0.0577,1.3138,35,55,0.182,0.0402,0.3833,162,0.1245,0.0147,1.4514,558,0.4929,0.0789,,,,,859,9.651685393
,,NEON,011BZ,September,2018,Myodes gapperi,Unknown,17.6,125,35,90,Male,adult,No,,0.9991,69,70,0.2671,0.0397,0.3793,30,31,0.1904,0.0387,0.2291,122,0.0939,0.0126,1.4528,599,0.6055,0.089,,,,,822,9.133333333
,,NEON,01ICO,September,2018,Myodes gapperi,Unknown,19.8,132,47,85,Male,adult,No,,1.0914,77,73,0.4318,0.0694,0.9347,31,50,0.2174,0.0487,0.3718,180,0.169,0.0243,1.7993,549,0.885,0.1473,,,,,852,10.02352941
,,NEON,01IFA,August ,2018,Myodes gapperi,Unknown,17.9,127,41,86,Male,adult,Yes,,0.9061,58,61,0.2697,0.0427,1.4981,32,43,0.2239,0.0536,0.3049,187,0.2552,0.047,0.8982,384,0.5008,0.0827,,,,,675,7.848837209
,,NEON,01IDT,July,2018,Napaeozapus insignis ,Unknown,18.7,227,145,82,Male,adult,Yes,,0.1948,21,31,0.0673,0.0081,0.6876,29,30,0.1482,0.0334,0.2849,113,0.1154,0.0173,0.9982,280,0.4748,0.0824,,,,,454,5.536585366
,,NEON,01IMG,August ,2019,Napaeozapus insignis ,Unknown,22.4,224,144,80,Female,adult,No,,,,,,,0.662,23,32,0.2189,0.0517,0.5869,182,0.1886,0.0322,1.3676,283,0.4878,0.1,,,,,,
,,NEON,01INB,June,2019,Napaeozapus insignis ,Unknown,21,210,135,75,Male,adult,Yes,,0.3244,27,34,0.0986,0.0179,2.1589,21,49,0.1823,0.046,0.2678,90,0.1382,0.0267,1.255,248,0.4697,0.0977,,,,,421,5.613333333
,,NEON,01IB9,June,2019,Napaeozapus insignis ,Unknown,15.5,199,127,72,Male,adult,Yes,,0.168,19,22,0.0497,0.0089,1.0229,26,35,0.1358,0.0372,0.1446,68,0.073,0.0106,0.6606,224,0.4375,0.0793,,,,,349,4.847222222
,,NEON,01IYN,July,2019,Neotoma floridana,Unknown,200.8,317,147,170,Male,adult,Yes,,9.5717,136,145,2.2083,0.3528,9.011,58,98,2.9783,0.7197,3.7204,380,1.1042,0.2685,6.344,577,1.7038,0.3133,,,,,1200,7.058823529
,,NEON,01IBY,September,2018,Peromyscus leucopus ,Unknown,23.4,169,79,90,Male,adult,Yes,,0.6787,64,72,0.2836,0.0517,2.1308,46,57,0.3501,0.0774,,,,,1.2308,371,0.4692,0.076,,,,,,
,,NEON,01I54,July,2018,Peromyscus leucopus ,Unknown,22.5,153,69,84,Male,adult,Yes,,0.5186,60,62,0.1852,0.0299,1.3702,35,52,0.3123,0.0713,0.3296,107,0.1371,0.0209,1.0874,360,0.2591,0.042,,,,,581,6.916666667
,,NEON,01I55,June,2018,Peromyscus leucopus ,Unknown,20.5,167,73,94,Male,adult,No,,0.6196,43,47,0.0992,0.0128,0.9901,36,46,0.275,0.0574,0.2407,68,0.0642,0.0082,1.3326,382,0.2266,0.0286,,,,,543,5.776595745
,,NEON,01IF8,August ,2018,Peromyscus leucopus ,Unknown,19.7,160,81,79,Male,adult,Yes,,0.5087,31,32,0.1084,0.0154,0.4454,26,26,0.27,0.066,0.2124,96,0.1015,0.0187,1.3094,275,0.288,0.0514,,,,,429,5.430379747
,,NEON,01INA,June,2019,Peromyscus maniculatus ,No ,NA,NA,NA,NA,Male,adult,Yes,,0.4986,38,39,0.1691,0.029,2.0563,39,54,0.2777,0.0722,0.1365,66,0.0961,0.0172,1.0827,349,0.389,0.0703,,,,,508,
,,NEON,01IBJ,November,2018,Peromyscus maniculatus ,Unknown,18.3,150,79,71,Male,adult,Yes,,0.3551,41,49,0.1775,0.0267,0.306,19,28,0.272,0.0574,,,,,1.2336,286,0.7315,0.1627,,,,,,
,,NEON,01J0C,August ,2019,Peromyscus maniculatus ,Unknown,18.8,171,84,87,Male,adult,Yes,,0.2631,33,34,0.0971,0.0147,0.9893,29,36,0.1791,0.0454,0.1625,79,0.0878,0.0141,1.6314,331,0.439,0.0703,,,,,480,5.517241379
,,NEON,01IG7,August ,2018,Sigmodon hispidus,Unknown,76.7,228,95,133,Male,adult,Yes,,4.9141,110,117,0.7137,0.1347,3.347,39,61,0.6143,0.1304,1.7183,260,0.5656,0.0992,3.149,677,1.2431,0.2079,,,,,1115,8.383458647
,,NEON,01IG8,August ,2018,Sigmodon hispidus,Unknown,106.8,[208],[63],145,Female,adult,No,,8.0776,123,124,1.0255,0.1646,4.2707,48,75,1.1352,0.1776,1.7386,234,0.5742,0.085,4.542,690,1.8322,0.299,,,,,1123,7.744827586
,,NEON,01IG9,August ,2018,Sigmodon hispidus,Unknown,147,272,110,162,Male,adult,Yes,,3.6796,64,74,0.6972,0.1322,5.8517,50,73,0.8748,0.2083,1.3931,203,0.5322,0.1074,4.7148,768,1.8407,0.3794,,,,,1118,6.901234568
,,NEON,01IGA,August ,2018,Sigmodon hispidus,Unknown,133.8,258,104,154,Male,adult,Yes,,4.9039,101,100,0.9137,0.1397,2.4437,40,62,1.0361,0.1994,2.0486,298,0.9841,0.1685,4.8529,826,2.2419,0.4028,,,,,1286,8.350649351
,,NEON,01I73,August ,2018,Zapus hudsonius,Unknown,15.9,193,120,73,Male,adult,Yes,,,,,,,0.4695,17,27,0.1071,0.0236,0.2972,114,0.1198,0.024,0.7455,187,0.2718,0.0561,,,,,,
,,NEON,01J05,August ,2019,Zapus hudsonius,Unknown,21.4,204,121,83,Male,adult,Yes,,0.2944,28,33,0.0816,0.0147,1.0257,20,34,0.1127,0.0232,0.2151,69,0.0919,0.0192,1.5482,268,0.7972,0.165,,,,,404,4.86746988
,,NEON,01I97,August ,2018,Zapus hudsonius,Unknown,12.8,188,118,70,Female,adult,No,,0.123,17,21,0.0505,0.0108,0.958,22,35,0.0965,0.0228,0.1971,77,0.0763,0.0131,0.7842,224,0.4104,0.0877,,,,,357,5.1
,,NEON,03ST8,September,2020,Cryptotis parva ,Unknown,3.8,61,16,45,Male,adult,Yes,,,,,,,0.0676,13,15,0.027,0.0056,,,,,,,,,0.4262,159,0.0993,0.0169,174,3.866666667
,,NEON,01IJJ,June,2019,Sorex hoyi,No ,4.7,83,29,54,Male,adult,Yes,,,,,,,0.0477,11,12,0.0247,0.0041,,,,,,,,,0.4546,190,0.1666,0.0247,202,3.740740741
,,NEON,01IJW,July,2019,Sorex hoyi,No ,3.8,76,27,49,Female,adult,No,,,,,,,0.0485,15,17,0.0263,0.0039,,,,,,,,,0.488,187,0.211,0.0375,204,4.163265306
,,NEON,01IK7,July,2019,Sorex hoyi,No ,3.6,76,27,49,Female,adult,No,,,,,,,0.0461,15,17,0.0242,0.0045,,,,,,,,,0.5545,197,0.2403,0.0451,214,4.367346939
,,NEON,01IKO,August ,2019,Sorex hoyi,No ,3.5,75,26,49,Male,adult,No,,,,,,,0.0408,15,15,0.0226,0.0039,,,,,,,,,0.453,193,0.1394,0.0249,208,4.244897959
,,NEON,048HR,November,2020,Sorex cinereus,Unknown,2.7,74,36,38,Male,adult,No,,,,,,,0.0404,12,12,0.0271,0.0045,,,,,,,,,0.3355,169,0.2034,0.0405,181,4.763157895
,,NEON,051A6,August ,2021,Zapus hudsonius,Unknown,19.2,203,127,76,Female,adult,No,,0.2793,46,46,0.0272,0.0046,2.4948,23,48,0.0832,0.0218,0.2824,89,0.1009,0.0222,1.2046,240,0.2105,0.0484,,,,,423,5.565789474
,,NEON,054FX,August ,2021,Napaeozapus insignis ,Unknown,18.7,230,151,79,Male,adult,Yes,,0.2568,75,73,0.057,0.011,0.6805,23,37,0.1259,0.0315,0.2398,82,0.0602,0.0139,1.0374,206,0.2353,0.0449,,,,,398,5.037974684
,,NEON,054GG,July,2021,Napaeozapus insignis ,Unknown,24.4,211,[129],82,Female,adult,No,,0.4206,26,31,0.1033,0.0212,4.1306,30,58,0.2084,0.0534,0.4075,92,0.0948,0.0223,1.6843,279,0.3971,0.0742,,,,,460,5.609756098
,,NEON,054FU,August ,2021,Myodes gapperi,Unknown,24.9,128,42,86,Male,adult,Yes,,0.8048,71,72,0.2367,0.0492,2.7943,40,58,0.2393,0.0566,0.4079,170,0.1945,0.0389,1.49833,432,0.5562,0.1053,,,,,732,8.511627907
,,NEON,054FT,August ,2021,Myodes gapperi,Unknown,22.6,132,38,94,Male,adult,Yes,,1.4225,72,83,0.2954,0.0442,0.2757,23,32,0.1855,0.039,0.2954,136,0.1068,0.0166,1.5654,407,0.4561,0.0854,,,,,658,7
,,NEON,054GD,September,2021,Myodes gapperi,Unknown,24.1,122,36,86,Male,adult,Yes,,1.0156,55,64,0.2417,0.0415,1.9724,39,50,0.2154,0.0541,0.3364,211,0.1841,0.0387,1.7182,514,0.7074,0.1521,,,,,839,9.755813953
,,NEON,054G9,June,2021,Myodes gapperi,Unknown,18.6,121,34,87,Female,adult,No,,1.2305,57,62,0.1788,0.0318,1.6885,37,56,0.1423,0.0349,0.2402,120,0.0923,0.0163,1.1791,392,0.5209,0.0852,,,,,630,7.24137931
,,NEON,054FB,June,2021,Blarina carolinensis ,Unknown,7.3,85,19,66,Female,adult,No,,,,,,,0.1067,18,20,0.044,0.0087,,,,,,,,,0.7311,274,0.3177,0.0497,294,4.454545455
,,NEON,054FE,June,2021,Blarina carolinensis ,Unknown,7,80,20,60,Male,adult,Yes,,,,,,,0.0892,12,13,0.0437,0.0093,,,,,,,,,0.8934,269,0.2816,0.0448,282,4.7
,,NEON,054FA,June,2021,Blarina carolinensis ,Unknown,8,93,22,71,Male,adult,No,,,,,,,0.1368,15,21,0.0381,0.007,,,,,,,,,0.9949,274,0.3259,0.0546,295,4.154929577
,,NEON,054FD,June,2021,Blarina carolinensis ,Unknown,6.6,81,17,64,Male,adult,Yes,,,,,,,0.065,10,12,0.0227,0.005,,,,,,,,,0.8654,250,0.1999,0.0315,262,4.09375
,,NEON,054FC,June,2021,Blarina carolinensis ,Unknown,7.2,92,21,71,Female,adult,No,,,,,,,0.0877,18,19,0.0468,0.0085,,,,,,,,,0.7408,286,0.2412,0.0373,305,4.295774648
,,NEON,054F9,June,2021,Blarina carolinensis ,Unknown,7.5,91,21,70,Female,adult,No,,,,,,,0.1679,14,17,0.0482,0.0104,,,,,,,,,1.2342,268,0.2807,0.0533,285,4.071428571
,,NEON,0519Q,August ,2021,Glaucomys sabrinus ,Unknown,120,288,130,158,Female,adult,No,,3.9065,90,111,1.1399,0.2228,13.1735,48,104,1.2911,0.301,1.5904,285,0.9768,0.2055,10.4284,1073,2.7086,0.5004,,,,,1573,9.955696203
,,NEON,051AZ,August ,2021,Glaucomys sabrinus ,Unknown,107,262,113,149,Male,adult,No,,1.6087,75,82,0.6172,0.1187,8.9088,39,83,0.8028,0.1629,0.9735,264,0.6616,0.1309,4.8918,816,1.2588,0.2595,,,,,1245,8.355704698
,,NY,74f11402,September,2020,Condylura cristata,Unknown,NA,184,65,119,Female,adult,No,,,,,,,0.6462,52,55,0.3084,0.0536,,,,,,,,,2.4642,909,1.0364,0.0154,964,8.100840336
,,NY,f810eb96,September,2020,Condylura cristata,No ,NA,183,71,112,Female,adult,No,,,,,,,0.7447,59,62,0.4345,0.0651,,,,,,,,,1.3763,795,0.5449,0.02,857,7.651785714
,,NY,6XQdvTsj,August ,2019,Condylura cristata,Unknown,NA,172,66,106,Male,adult,No,,,,,,,0.5125,55,55,0.2846,0.0562,,,,,,,,,3.0377,1174,1.2469,0.0607,1229,11.59433962
,,NY,417d162d,June,2021,Tamias striatus,Unknown,[80],244,95,149,Female,adult,No,,2.0703,97,99,0.385,0.0695,4.3001,30,50,0.5004,0.1098,1.0079,206,0.362,0.0743,2.3509,787,1.2539,0.2769,,,,,1142,7.66442953
,,NY,33305df6,August ,2020,Tamias striatus,Unknown,[80],230,84,146,Female,adult,No,,0.9055,50,55,0.2519,0.0568,1.3762,24,37,0.3985,0.0943,0.6695,174,0.3205,0.0761,2.923,680,1.293,0.2784,,,,,946,6.479452055
,,NY,cwhF2bkb,July,2019,Tamias striatus,Unknown,[80],222,87,135,Male,adult,No,,1.5289,39,61,0.239,0.0331,0.8778,23,37,0.5355,0.1045,1.0765,188,0.3961,0.0692,3.4859,746,2.3354,0.4069,,,,,1032,7.644444444
,,NY,5U20q2Hj,September,Unknown,Tamias striatus,Unknown,[100],203,59,144,Female,adult,No,,1.0593,53,67,0.1629,0.0262,0.892,25,48,0.5905,0.1184,0.8288,221,0.4343,0.0691,4.6455,974,2.9036,0.4983,,,,,1310,9.097222222
,,NY,31dc66b7,September,2020,Tamias striatus,Unknown,[100],252,90,162,Male,adult,No,,1.5601,74,75,0.3654,0.0567,1.7481,30,45,0.4894,0.0984,0.9169,170,0.3469,0.061,3.8015,691,2.0256,0.3805,,,,,981,6.055555556
,,NY,Y5GHJisR,July,2019,Tamias striatus,Unknown,[80],204,81,123,Female,adult,No,,0.8564,49,49,0.2731,0.0494,1.4366,27,41,0.5001,0.1183,0.7986,165,0.3119,0.0626,3.6607,687,1.9365,0.3876,,,,,942,7.658536585
,,NY,c6b9f75e,September,2019,Tamias striatus,Unknown,[120],252,87,165,Female,adult,No,,1.9192,70,72,0.3351,0.0433,0.9739,29,40,0.6244,0.1165,1.0462,257,0.665,0.1076,4.941,987,1.9247,0.2923,,,,,1356,8.218181818
,,NY,69c76d3c,July,Unknown,Tamias striatus,Unknown,[100],239,97,142,Male,adult,No,,1.4367,66,67,0.3128,0.0552,5.1696,30,45,0.448,0.1271,1.007,197,0.4334,0.0847,4.3411,834,2.1303,0.3567,,,,,1143,8.049295775
,,NY,b878e8ad,June,Unknown,Tamiasciurus hudsonicus,Unknown,[180],274,82,192,Female,adult,No,,4.8969,61,85,0.7016,0.1338,1.8509,34,49,0.9766,0.2131,3.6737,283,1.1707,0.279,6.6722,961,1.9229,0.3068,,,,,1378,7.177083333
,,NY,Xg3hcons,June,2019,Tamiasciurus hudsonicus,Unknown,[240],313,119,194,Female,adult,No,,3.0112,71,71,0.5945,0.1334,8.8553,49,73,1.1088,0.1931,1.6771,232,0.7616,0.1828,11.9339,1253,3.3914,0.4645,,,,,1629,8.396907216
,,NY,82b703d3,June,Unknown,Tamiasciurus hudsonicus,Unknown,[180],297,122,175,Male,adult,Yes,,3.7052,86,89,0.616,0.1329,1.9115,38,64,0.95,0.2607,2.7646,300,0.874,0.1752,5.4646,971,2.1872,0.7777,,,,,1424,8.137142857
,,NY,PkO4uH4z,June,2019,Tamiasciurus hudsonicus,Unknown,[220],314,134,180,Female,adult,No,,2.3357,80,82,0.6125,0.1091,3.1562,41,57,1.4596,0.2537,1.9396,264,0.6244,0.1236,10.0851,1306,5.6245,1.0188,,,,,1709,9.494444444
NCSM,,P22-7-1,,July,2019,Napaeozapus insignis,Unknown,19.1,211,126,85,Female,adult,No,,0.3291,37,37,0.071,0.0131,0.6423,20,42,0.1366,0.0281,,,,,0.6667,189,0.1747,0.0271,,,,,,
NCSM,,P22-7-2,,May,2019,Myodes gapperi,Unknown,35.6,137,32,105,Female,adult,Yes,,2.8468,92,107,0.4434,0.077,2.7282,36,68,0.3057,0.0611,,,,,,,,,,,,,,
NCSM,,P22-7-3,,September,2021,Napaeozapus insignis,Unknown,17.1,213,131,82,Female,adult,No,,,,,,,0.9981,19,36,0.1226,0.0235,,,,,,,,,,,,,,
NCSM,,P22-7-4,,August ,2019,Myodes gapperi,Unknown,23.3,129,35,94,Male,adult,Yes,,1.4019,55,59,0.1401,0.022,0.9719,29,48,0.1711,0.0405,,,,,0.6607,211,0.2224,0.0378,,,,,,
NCSM,,P22-7-5,,May,2019,Napaeozapus insignis,Unknown,17.3,208,125,83,Male,adult,No,,0.1489,51,51,0.0411,0.0065,0.5655,21,44,0.1454,0.0312,0.1872,83,0.1039,0.018,0.8729,225,0.2875,0.0526,,,,,403,4.855421687
NCSM,,P22-7-6,,May,2019,Napaeozapus insignis,Unknown,20.3,229,144,85,Male,adult,Yes,,0.2581,41,44,0.0592,0.0081,0.6502,15,39,0.1502,0.0357,0.2163,85,0.0903,0.0148,1.2625,263,0.3534,0.0669,,,,,431,5.070588235
NCSM,,P22-7-7,,September,2018,Napaeozapus insignis,Unknown,29.9,232,143,89,Male,adult,No,,0.214,49,49,0.0294,0.0077,1.1943,18,52,0.1647,0.0376,0.4621,102,0.1308,0.0285,1.5685,280,0.6239,0.1431,,,,,483,5.426966292
NCSM,,P22-7-8,,September,2019,Napaeozapus insignis,Unknown,20.1,212,130,82,Female,adult,No,,0.3104,56,56,0.0717,0.0139,1.2618,19,41,0.1507,0.0347,0.259,64,0.08,0.0146,1.0731,232,0.3709,0.0792,,,,,393,4.792682927
NCSM,,P22-7-9,,May,2020,Napaeozapus insignis,Unknown,18.8,222,137,85,Male,adult,No,,,,,,,1.2559,22,39,0.1584,0.0345,,,,,,,,,,,,,,
NCSM,,P22-7-10,,May,2020,Napaeozapus insignis,Unknown,19,220,135,85,Male,adult,No,,,,,,,0.6567,15,34,0.1318,0.0317,,,,,,,,,,,,,,
NCSM,,P22-7-11,,September,2021,Myodes gapperi,Unknown,27.6,130,35,95,Female,adult,Yes,,,,,,,0.6919,15,37,0.1569,0.0352,,,,,,,,,,,,,,
NCSM,,P22-7-13,,June,2021,Myodes gapperi,Unknown,20.2,119,35,84,Male,adult,No,,,,,,,0.6007,25,39,0.207,0.0474,,,,,,,,,,,,,,
NCSM,,P22-7-15,,September,2021,Napaeozapus insignis,Unknown,28,244,147,97,Female,adult,No,,0.4313,81,81,0.1032,0.0197,3.6728,25,56,0.2193,0.0529,0.5154,124,0.1358,0.03,2.1781,353,0.6782,0.1551,,,,,614,6.329896907
NCSM,,P22-7-16,,October,2021,Myodes gapperi,Unknown,32,135.5,38,97.5,Female,adult,Yes,,,,,,,0.7054,23,42,0.175,0.0438,,,,,,,,,,,,,,
NCSM,,P22-7-17,,August ,2019,Myodes gapperi,Unknown,30,145,37,108,Male,adult,Yes,,,,,,,1.2279,26,37,0.2055,0.0552,,,,,,,,,,,,,,
,,MOSU,1353,July,2022,Peromyscus leucopus ,No ,26.5,180,83,97,Male,adult,Yes,,0.3758,34,43,0.1042,0.019,4.1568,45,72,0.3736,0.0878,0.1603,68,0.0762,0.0134,1.10997,318,0.4374,0.0804,,,,,501,5.164948454
,,MOSU,1354,July,2022,Peromyscus leucopus ,No ,17.5,163,76,87,Male,adult,Yes,,0.47,34,42,0.1349,0.0209,0.8072,27,45,0.2391,0.0665,0.1902,77,0.1022,0.0163,0.8551,291,0.3908,0.0698,,,,,455,5.229885057
,,MOSU,1355,July,2022,Peromyscus leucopus ,No ,15,162,78,84,Female,adult,No,,0.2388,33,35,0.0637,0.0107,1.1831,34,57,0.218,0.056,0.2245,65,0.052,0.0152,0.6566,254,0.2081,0.0386,,,,,411,4.892857143
,,MOSU,1356,July,2022,Peromyscus leucopus ,No ,21,171,74,97,Male,adult,No,,0.3546,34,37,0.1341,0.0242,1.2163,33,51,0.3011,0.0813,0.1912,76,0.0739,0.0122,0.9794,316,0.5267,0.0964,,,,,480,4.948453608
,,MOSU,1357,July,2022,Reithrodontomys humulis,No ,11.75,139,65,74,Female,adult,Yes,,0.1243,21,30,0.0293,0.0044,0.7057,29,40,0.1282,0.031,0.2788,84,0.1001,0.0172,0.7638,221,0.316,0.0531,,,,,375,5.067567568
,,MOSU,1359,July,2022,Peromyscus leucopus ,No ,21,170,72,98,Male,adult,Yes,,0.6941,41,52,0.1585,0.0212,0.4761,22,40,0.3942,0.0925,0.4667,107,0.1282,0.0193,0.9368,309,0.4564,0.0758,,,,,508,5.183673469
,,MOSU,1361,July,2022,Peromyscus leucopus ,No ,21.5,170,74,96,Male,adult,Yes,,0.4559,38,47,0.1419,0.0983,0.8741,29,46,0.396,0.0211,,,,,,,,,,,,,,
,,MOSU,1363,July,2022,Peromyscus leucopus ,No ,18,173,82,91,Female,adult,No,,0.6578,44,49,0.0892,0.0105,0.605,30,46,0.361,0.0699,0.5966,106,0.1081,0.0169,0.9775,336,0.4923,0.0736,,,,,537,5.901098901
,,MOSU,1364,July,2022,Peromyscus leucopus ,No ,19,162,74,88,Female,adult,No,,0.3711,42,42,0.1062,0.0146,1.5101,36,59,0.2636,0.0669,0.3247,89,0.0909,0.0122,,,,,,,,,,
,,MOSU,1365,July,2022,Peromyscus leucopus ,No ,20.5,172,83,89,Male,adult,Yes,,0.4473,40,46,0.1435,0.0232,1.0404,33,59,0.3427,0.0784,0.224,71,0.0671,0.0108,1.0952,330,0.5932,0.1084,,,,,506,5.685393258
,,MOSU,1366,July,2022,Peromyscus leucopus ,No ,18,170,79,91,Male,adult,Yes,,0.4392,28,42,0.1379,0.022,0.4421,28,41,0.3286,0.0841,0.268,79,0.1134,0.0188,0.7726,258,0.3791,0.061,,,,,420,4.615384615
,,MOSU,1367,July,2022,Peromyscus leucopus ,No ,17.5,162,78,84,Male,adult,Yes,,0.2867,34,38,0.1014,0.0158,0.3411,23,37,0.2792,0.0674,0.2311,79,0.101,0.0154,0.9325,238,0.4842,0.0738,,,,,392,4.666666667
,,MOSU,1369,July,2022,Tamias striatus,No ,105,223,65,158,Male,adult,Yes,,1.942,57,73,0.2655,0.0462,3.8804,30,54,0.4169,0.0821,1.4183,208,0.4486,0.0927,5.1486,786,1.969,0.3772,,,,,1121,7.094936709
,,,,,,,,,,,,,,,,,,,,,,,,,,,,,,,,,,,,,,,
,,,,,,,,,,,,,,,,,,,,,,,,,,,,,,,,,,,,,,,